F_33R,F_34R,F_36R,33a_vp,34a_vp,36a_vp,,,,,
0.009125377,0.058458808,0.000239082,1,1,1,,,,,
Altitude (km),T (K),33a,34a,36a,33R,34R,36R,d33S,d34S,d36S
0,113,,,,0.009125377,0.058458808,0.000239082,158.448411,323.7178726,557.6216562
1,126.6109784,1,1,1,0.009125377,0.058458808,0.000239082,158.448411,323.7178726,557.6216562
2,133.0118084,1,1,1,0.009125377,0.058458808,0.000239082,158.448411,323.7178726,557.6216562
3,134.4546611,1,1,1,0.009125377,0.058458808,0.000239082,158.448411,323.7178726,557.6216562
4,133.1917077,1,1,1,0.009125377,0.058458808,0.000239082,158.448411,323.7178726,557.6216562
5,131.4751193,1,1,1,0.009125377,0.058458808,0.000239082,158.448411,323.7178726,557.6216562
6,131.5570671,1,1,1,0.009125377,0.058458808,0.000239082,158.448411,323.7178726,557.6216562
7,135.6897223,1,1,1,0.009125377,0.058458808,0.000239082,158.448411,323.7178726,557.6216562
8,146.125256,1,1,1,0.009125377,0.058458808,0.000239082,158.448411,323.7178726,557.6216562
9,163.6097532,1,1,1,0.009125377,0.058458808,0.000239082,158.448411,323.7178726,557.6216562
10,176.4076765,1,1,1,0.009125377,0.058458808,0.000239082,158.448411,323.7178726,557.6216562
11,182.6283617,1,1,1,0.009125377,0.058458808,0.000239082,158.448411,323.7178726,557.6216562
12,194.5549921,1,1,1,0.009125377,0.058458808,0.000239082,158.448411,323.7178726,557.6216562
13,214.3207816,1,1,1,0.009125377,0.058458808,0.000239082,158.448411,323.7178726,557.6216562
14,229.3475883,1,1,1,0.009125377,0.058458808,0.000239082,158.448411,323.7178726,557.6216562
15,251.7134101,1,1,1,0.009125377,0.058458808,0.000239082,158.448411,323.7178726,557.6216562
16,272.7693194,1,1,1,0.009125377,0.058458808,0.000239082,158.448411,323.7178726,557.6216562
17,292.5097326,1,1,1,0.009125377,0.058458808,0.000239082,158.448411,323.7178726,557.6216562
18,314.0573323,1,1,1,0.009125377,0.058458808,0.000239082,158.448411,323.7178726,557.6216562
19,342.3060237,1,1,1,0.009125377,0.058458808,0.000239082,158.448411,323.7178726,557.6216562
20,381.8006961,1,1,1,0.009125377,0.058458808,0.000239082,158.448411,323.7178726,557.6216562
21,402.4957429,1,1,1,0.009125377,0.058458808,0.000239082,158.448411,323.7178726,557.6216562
22,417.6153105,1,1,1,0.009125377,0.058458808,0.000239082,158.448411,323.7178726,557.6216562
23,443.1502605,1,1,1,0.009125377,0.058458808,0.000239082,158.448411,323.7178726,557.6216562
24,465.6710396,1,1,1,0.009125377,0.058458808,0.000239082,158.448411,323.7178726,557.6216562
25,475.844298,1,1,1,0.009125377,0.058458808,0.000239082,158.448411,323.7178726,557.6216562
26,484.5339972,1,1,1,0.009125377,0.058458808,0.000239082,158.448411,323.7178726,557.6216562
27,495.0132073,1,1,1,0.009125377,0.058458808,0.000239082,158.448411,323.7178726,557.6216562
28,509.6211369,1,1,1,0.009125377,0.058458808,0.000239082,158.448411,323.7178726,557.6216562
29,529.3681041,1,1,1,0.009125377,0.058458808,0.000239082,158.448411,323.7178726,557.6216562
30,544.070602,1,1,1,0.009125377,0.058458808,0.000239082,158.448411,323.7178726,557.6216562
31,551.7950935,1,1,1,0.009125377,0.058458808,0.000239082,158.448411,323.7178726,557.6216562
32,562.9693124,1,1,1,0.009125377,0.058458808,0.000239082,158.448411,323.7178726,557.6216562
33,580.8487501,1,1,1,0.009125377,0.058458808,0.000239082,158.448411,323.7178726,557.6216562
34,596.2650202,1,1,1,0.009125377,0.058458808,0.000239082,158.448411,323.7178726,557.6216562
35,612.2858164,0.988177433,0.976529268,0.953570627,0.009017492,0.057086737,0.000227982,144.7525775,292.6492449,485.3022588
36,623.3095679,0.98806822,0.976313749,0.953149409,0.009016495,0.057074138,0.000227881,144.6260593,292.3639589,484.6461615
37,629.5866694,0.987873296,0.97592915,0.952397967,0.009014717,0.057051655,0.000227702,144.4002495,291.8548586,483.4756991
38,638.5026102,0.987733521,0.975653412,0.951859404,0.009013441,0.057035536,0.000227573,144.238328,291.4898596,482.6368214
39,653.0022195,0.987703664,0.975594518,0.951744393,0.009013169,0.057032093,0.000227545,144.2037403,291.4118997,482.457677
40,668.4937049,0.987693916,0.97557529,0.951706845,0.00901308,0.057030969,0.000227536,144.1924479,291.3864474,482.3991922
41,680.7839234,0.987627683,0.975444648,0.951451752,0.009012475,0.057023332,0.000227475,144.1157198,291.2135138,482.0018535
42,689.3946873,0.987498459,0.975189785,0.950954204,0.009011296,0.057008433,0.000227356,143.9660206,290.8761477,481.2268621
43,695.0912401,0.987320443,0.974838746,0.950269112,0.009009672,0.056987911,0.000227193,143.7597981,290.4114715,480.1597479
44,701.3511017,0.987156211,0.974514946,0.949637397,0.009008173,0.056968982,0.000227042,143.569544,289.9828506,479.175775
45,713.7881208,0.987107319,0.974418559,0.949449394,0.009007727,0.056963348,0.000226997,143.5129046,289.8552621,478.8829371
46,731.4272128,0.987152114,0.974506869,0.949621642,0.009008136,0.05696851,0.000227038,143.564798,289.9721591,479.1512352
47,743.0968212,0.987093164,0.974390656,0.949394972,0.009007598,0.056961717,0.000226984,143.4965076,289.8183266,478.798169
48,749.2810063,0.986942312,0.974093301,0.94881511,0.009006221,0.056944334,0.000226845,143.3217529,289.4247118,477.8949624
49,753.4125937,0.986758765,0.97373156,0.94810993,0.009004546,0.056923187,0.000226676,143.1091233,288.9458688,476.7965596
50,758.8248773,0.986600302,0.97341931,0.94750144,0.0090031,0.056904933,0.000226531,142.9255526,288.5325381,475.8487621
51,766.5245263,0.986484827,0.973191797,0.947058202,0.009002046,0.056891633,0.000226425,142.7917798,288.231375,475.1583647
52,775.1709204,0.986388725,0.973002475,0.946689446,0.009001169,0.056880565,0.000226337,142.6804507,287.980766,474.5839826
53,783.506923,0.986289886,0.97280778,0.946310301,0.009000267,0.056869184,0.000226246,142.565951,287.7230453,473.9934179
54,790.7811696,0.986175248,0.972581989,0.945870694,0.008999221,0.056855984,0.000226141,142.433149,287.4241614,473.3086762
55,796.4629592,0.986035557,0.972306888,0.94533522,0.008997947,0.056839902,0.000226013,142.2713241,287.0600052,472.474611
56,801.1342588,0.985880713,0.972001992,0.944741929,0.008996534,0.056822078,0.000225871,142.0919458,286.6564086,471.5504875
57,805.9208414,0.985730222,0.971705711,0.94416558,0.00899516,0.056804758,0.000225733,141.9176092,286.2642164,470.6527551
58,811.9476551,0.985603896,0.97145704,0.943681983,0.008994008,0.056790221,0.000225618,141.7712669,285.9350468,469.8994938
59,819.5810914,0.985508199,0.971268685,0.943315766,0.008993134,0.05677921,0.00022553,141.6604077,285.6857178,469.3290656
60,827.5839515,0.985421231,0.971097524,0.94298304,0.008992341,0.056769204,0.000225451,141.5596588,285.4591485,468.8108046
61,834.6909636,0.985320797,0.970899881,0.942598908,0.008991424,0.05675765,0.000225359,141.4433111,285.1975246,468.2124722
62,840.7271657,0.985203865,0.970669798,0.942151826,0.008990357,0.0567442,0.000225252,141.307852,284.8929596,467.5160877
63,845.9350847,0.985074599,0.970415475,0.941657766,0.008989177,0.056729332,0.000225134,141.1581034,284.556308,466.7465296
64,850.5579396,0.984937126,0.970145043,0.941132555,0.008987923,0.056713523,0.000225008,140.9988481,284.1983327,465.9284493
65,854.8275587,0.984795393,0.969866271,0.9405913,0.00898663,0.056697226,0.000224879,140.8346581,283.8293172,465.0853777
66,858.9568172,0.984653065,0.969586369,0.940048006,0.008985331,0.056680864,0.000224749,140.6697787,283.4588057,464.2391322
67,863.156798,0.984513839,0.969312606,0.939516781,0.00898406,0.05666486,0.000224622,140.5084927,283.0964209,463.4116852
68,867.6385838,0.984381473,0.969052368,0.939011939,0.008982852,0.056649647,0.000224501,140.3551534,282.7519384,462.6253319
69,872.5943935,0.984259427,0.968812448,0.938546635,0.008981739,0.056635621,0.00022439,140.2137687,282.4343531,461.9005645
70,877.9009401,0.984145509,0.968588536,0.93811248,0.008980699,0.056622532,0.000224286,140.0818012,282.1379569,461.2243153
71,883.1738476,0.984032816,0.968367056,0.93768314,0.008979671,0.056609584,0.000224184,139.9512521,281.8447798,460.5555649
72,888.0208829,0.983914267,0.968134095,0.937231648,0.008978589,0.056595966,0.000224076,139.8139192,281.5364044,459.8523117
73,892.1561407,0.983784637,0.967879389,0.93673814,0.008977406,0.056581076,0.000223958,139.6637491,281.199246,459.0836123
74,895.6908446,0.983645787,0.967606606,0.93620975,0.008976139,0.056565129,0.000223831,139.5028992,280.8381586,458.2605814
75,898.8289159,0.983501265,0.96732272,0.935660011,0.00897482,0.056548534,0.0002237,139.3354779,280.4623733,457.4042961
76,901.7742759,0.983354674,0.967034812,0.935102649,0.008973483,0.056531703,0.000223567,139.1656598,280.0812645,456.5361373
77,904.7311551,0.9832097,0.966750122,0.934551679,0.00897216,0.05651506,0.000223435,138.9977145,279.7044145,455.6779345
78,907.9305378,0.983070602,0.96647701,0.934023271,0.00897089,0.056499094,0.000223308,138.8365766,279.3428915,454.8548739
79,911.6504383,0.982942585,0.966225689,0.933537154,0.008969722,0.056484402,0.000223192,138.6882753,279.0102133,454.0976885
80,916.1736445,0.982830982,0.966006619,0.933113522,0.008968704,0.056471596,0.000223091,138.5589891,278.720226,453.4378301
81,921.6994537,0.982739537,0.965827137,0.932766518,0.008967869,0.056461104,0.000223008,138.4530556,278.4826432,452.8973282
82,927.6629902,0.98265772,0.965666565,0.932456126,0.008967123,0.056451717,0.000222934,138.3582744,278.2700908,452.4138557
83,933.0999381,0.982567618,0.965489748,0.932114393,0.0089663,0.05644138,0.000222852,138.2538953,278.0360351,451.881565
84,937.5358239,0.98246043,0.965279424,0.931707984,0.008965322,0.056429085,0.000222755,138.129724,277.7576259,451.2485326
85,941.191769,0.982340175,0.965043486,0.931252185,0.008964225,0.056415292,0.000222646,137.9904144,277.4453105,450.5385704
86,944.3412636,0.982211816,0.964791682,0.930765858,0.008963054,0.056400572,0.00022253,137.8417179,277.111993,449.7810575
87,947.2419175,0.982080063,0.964533252,0.930266867,0.008961851,0.056385465,0.00022241,137.6890888,276.769905,449.0038185
88,950.0404376,0.981947606,0.964273477,0.929765413,0.008960643,0.056370278,0.000222291,137.5356442,276.4260357,448.2227421
89,952.8362442,0.981816289,0.964015971,0.929268472,0.008959444,0.056355225,0.000222172,137.3835195,276.0851699,447.4486963
90,955.728582,0.981687982,0.963764402,0.928783119,0.008958273,0.056340518,0.000222056,137.2348833,275.7521646,446.6927001
91,958.816693,0.981564588,0.963522495,0.928316524,0.008957147,0.056326377,0.000221944,137.0919367,275.4319474,445.9659223
92,962.1933908,0.981447903,0.96329377,0.927875464,0.008956083,0.056313006,0.000221839,136.9567633,275.1291798,445.2789168
93,965.9312593,0.981339348,0.963081006,0.927465276,0.008955092,0.056300568,0.000221741,136.8310082,274.8475401,444.6399989
94,970.0989132,0.981240262,0.96288682,0.927090984,0.008954188,0.056289216,0.000221651,136.7162218,274.5904928,444.0569939
95,974.7503841,0.981151685,0.962713246,0.926756486,0.008953379,0.056279069,0.000221571,136.6136099,274.3607304,443.5359731
96,979.645817,0.981069005,0.962551244,0.926444341,0.008952625,0.056269599,0.000221497,136.5178299,274.1462844,443.0497693
97,984.272837,0.980982394,0.962381552,0.926117439,0.008951835,0.056259679,0.000221418,136.4174957,273.921661,442.5405788
98,988.1087674,0.980881827,0.962184535,0.925737967,0.008950917,0.056248161,0.000221328,136.3009934,273.660866,441.9495049
99,990.7719629,0.98075989,0.961945683,0.92527802,0.008949804,0.056234198,0.000221218,136.1597365,273.3446927,441.2330825
100,992.4827337,0.980620593,0.961672859,0.924752798,0.008948533,0.056218249,0.000221092,135.9983678,272.9835515,440.4149846
101,993.6219619,0.980471046,0.961380003,0.924189176,0.008947168,0.056201129,0.000220957,135.825125,272.595893,439.5370754
102,994.5705313,0.980318495,0.961081312,0.923614501,0.008945776,0.056183668,0.00022082,135.6484031,272.2005099,438.6419488
103,995.7093257,0.980170375,0.96079134,0.923056773,0.008944425,0.056166717,0.000220687,135.4768138,271.8166692,437.7732198
104,997.419213,0.980034303,0.960524993,0.922544632,0.008943183,0.056151146,0.000220564,135.3191812,271.4641,436.9754977
105,999.9594968,0.979915601,0.960292675,0.922098042,0.0089421,0.056137565,0.000220457,135.1816709,271.1565774,436.2798789
106,1003.174981,0.979811334,0.960088632,0.921705893,0.008941148,0.056125637,0.000220364,135.0608827,270.8864819,435.6690594
107,1006.822204,0.979716714,0.959903487,0.921350136,0.008940285,0.056114814,0.000220279,134.9512705,270.641402,435.1149251
108,1010.657701,0.979626898,0.959727759,0.921012539,0.008939465,0.056104541,0.000220198,134.8472239,270.408788,434.5890757
109,1014.438918,0.97953704,0.959551963,0.920674871,0.008938645,0.056094264,0.000220117,134.7431271,270.1760831,434.0631173
110,1017.984699,0.979443503,0.959368989,0.920323482,0.008937792,0.056083568,0.000220033,134.63477,269.933877,433.5157869
111,1021.213299,0.979344627,0.959175588,0.919952144,0.008936889,0.056072262,0.000219944,134.5202272,269.6778692,432.9373815
112,1024.052042,0.979238913,0.958968834,0.919555248,0.008935925,0.056060175,0.000219849,134.3977628,269.4041849,432.3191682
113,1026.454239,0.979125359,0.958746772,0.919129062,0.008934888,0.056047194,0.000219748,134.2662164,269.110237,431.655331
114,1028.58875,0.979007288,0.958515903,0.918686079,0.008933811,0.056033697,0.000219642,134.1294374,268.8046324,430.9653321
115,1030.731053,0.978890221,0.958287024,0.918247019,0.008932743,0.056020317,0.000219537,133.9938207,268.5016611,430.2814432
116,1033.157385,0.978779766,0.9580711,0.917832907,0.008931735,0.056007695,0.000219438,133.8658651,268.2158382,429.6364127
117,1036.14398,0.978681591,0.957879199,0.917464947,0.008930839,0.055996477,0.00021935,133.7521337,267.9618157,429.0632701
118,1039.835052,0.978598679,0.957717149,0.917154281,0.008930082,0.055987003,0.000219275,133.6560845,267.7473067,428.57937
119,1043.886781,0.978524037,0.957571274,0.916874671,0.008929401,0.055978476,0.000219209,133.5696162,267.5542103,428.1438438
120,1047.842604,0.97844836,0.957423388,0.916591248,0.008928711,0.05596983,0.000219141,133.4819482,267.3584501,427.7023771
121,1051.257928,0.978362591,0.957255793,0.916270106,0.008927928,0.055960033,0.000219064,133.3825889,267.1366015,427.20216
122,1053.998981,0.978263969,0.957063102,0.915900946,0.008927028,0.055948768,0.000218976,133.2683407,266.8815333,426.6271489
123,1056.263949,0.978156464,0.956853076,0.91549866,0.008926047,0.055936491,0.00021888,133.1438012,266.6035179,426.0005388
124,1058.267218,0.978044388,0.956634146,0.915079413,0.008925024,0.055923692,0.000218779,133.0139673,266.3137162,425.3475108
125,1060.223172,0.9779321,0.956414825,0.914659514,0.008923999,0.055910871,0.000218679,132.8838869,266.0233974,424.6934677
126,1062.346198,0.97782401,0.956203729,0.914255454,0.008923013,0.055898531,0.000218582,132.7586707,265.7439662,424.0640944
127,1064.83933,0.977724344,0.956009104,0.913882999,0.008922104,0.055887153,0.000218493,132.6432122,265.4863373,423.4839507
128,1067.698505,0.977633057,0.955830861,0.913541961,0.008921271,0.055876733,0.000218412,132.5374617,265.2503937,422.9527427
129,1070.738718,0.97754634,0.955661554,0.91321808,0.008920479,0.055866836,0.000218334,132.4370039,265.0262788,422.4482583
130,1073.768881,0.977460229,0.955493446,0.912896551,0.008919693,0.055857008,0.000218257,132.3372491,264.8037521,421.9474373
131,1076.597903,0.977370747,0.955318773,0.912562522,0.008918877,0.055846797,0.000218178,132.2335886,264.5725334,421.4271475
132,1079.061187,0.977274443,0.955130802,0.912203134,0.008917998,0.055835808,0.000218092,132.1220262,264.3237128,420.8673563
133,1081.181099,0.977171736,0.954930351,0.911819964,0.008917061,0.05582409,0.000218,132.003045,264.058373,420.270522
134,1083.060467,0.977064719,0.954721511,0.911420842,0.008916084,0.055811882,0.000217905,131.8790708,263.7819275,419.6488411
135,1084.802433,0.976955509,0.954508416,0.911013678,0.008915088,0.055799425,0.000217807,131.7525567,263.4998498,419.0146346
136,1086.510139,0.976846248,0.954295246,0.910606463,0.008914091,0.055786963,0.00021771,131.6259839,263.2176726,418.3803463
137,1088.286726,0.976739105,0.95408623,0.910207271,0.008913113,0.055774744,0.000217615,131.5018641,262.9409946,417.7585571
138,1090.22123,0.976635974,0.953885062,0.909823151,0.008912172,0.055762984,0.000217523,131.3823919,262.6747051,417.1602432
139,1092.324107,0.976537098,0.953692214,0.909454994,0.00891127,0.05575171,0.000217435,131.2678492,262.4194293,416.5867942
140,1094.57862,0.97644214,0.953507028,0.909101533,0.008910403,0.055740885,0.00021735,131.1578459,262.1742945,416.0362351
141,1096.968005,0.976350758,0.95332883,0.908761475,0.008909569,0.055730467,0.000217269,131.0519839,261.9384107,415.5065544
142,1099.475499,0.976262601,0.953156939,0.908433513,0.008908765,0.055720419,0.00021719,130.949859,261.710875,414.9957133
143,1102.084337,0.976177317,0.952990663,0.908116323,0.008907986,0.055710699,0.000217115,130.851062,261.4907733,414.5016503
144,1104.773314,0.976094455,0.952829122,0.907808216,0.00890723,0.055701255,0.000217041,130.7550698,261.2769387,414.0217375
145,1107.501623,0.976013139,0.952670611,0.907505939,0.008906488,0.055691989,0.000216969,130.66087,261.0671142,413.5509041
146,1110.223053,0.975932377,0.952513192,0.907205796,0.008905751,0.055682786,0.000216897,130.5673117,260.858736,413.0833937
147,1112.891395,0.975851173,0.952354923,0.906904081,0.00890501,0.055673534,0.000216825,130.4732402,260.6492322,412.613436
148,1115.460439,0.975768524,0.952193854,0.90659708,0.008904256,0.055664118,0.000216751,130.3774967,260.4360223,412.1352451
149,1117.883973,0.975683428,0.952028027,0.906281065,0.00890348,0.055654424,0.000216676,130.2789165,260.2165144,411.6430136
150,1120.115789,0.975594871,0.951855473,0.905952288,0.008902671,0.055644337,0.000216597,130.1763278,259.9881012,411.1309035
151,1122.124785,0.975502159,0.951674838,0.90560818,0.008901825,0.055633777,0.000216515,130.0689255,259.7489925,410.5949136
152,1123.972158,0.975406581,0.95148864,0.905253541,0.008900953,0.055622892,0.00021643,129.9582042,259.5025185,410.0425203
153,1125.753943,0.975310192,0.951300879,0.904895996,0.008900074,0.055611916,0.000216345,129.8465426,259.2539758,409.4856
154,1127.566242,0.975215065,0.951115593,0.904543233,0.008899206,0.055601084,0.00021626,129.7363421,259.0087091,408.9361284
155,1129.505153,0.975123289,0.950936852,0.904202997,0.008898368,0.055590635,0.000216179,129.6300246,258.7721072,408.4061703
156,1131.666778,0.97503697,0.950768756,0.903883081,0.00889758,0.055580808,0.000216103,129.5300291,258.549595,407.9078622
157,1134.120178,0.974957633,0.950614267,0.903589112,0.008896856,0.055571777,0.000216032,129.4381205,258.345095,407.4499696
158,1136.803487,0.97488394,0.950470781,0.903316123,0.008896184,0.055563389,0.000215967,129.3527511,258.1551599,407.024756
159,1139.615256,0.974813681,0.950333992,0.903055914,0.008895543,0.055555393,0.000215905,129.2713602,257.9740896,406.6194481
160,1142.45403,0.97474464,0.950199582,0.902800267,0.008894913,0.055547535,0.000215844,129.1913793,257.7961691,406.2212475
161,1145.218353,0.974674596,0.95006323,0.902540964,0.008894274,0.055539564,0.000215782,129.1102371,257.6156779,405.817351
162,1147.80677,0.974601327,0.94992061,0.90226978,0.008893605,0.055531227,0.000215717,129.0253585,257.4268892,405.3949492
163,1150.144458,0.974523185,0.949768516,0.901980627,0.008892892,0.055522336,0.000215648,128.9348346,257.2255601,404.9445588
164,1152.258653,0.974440745,0.949608071,0.901675648,0.00889214,0.055512956,0.000215575,128.8393324,257.0131762,404.4695163
165,1154.201028,0.974355117,0.949441436,0.901358957,0.008891358,0.055503215,0.000215499,128.7401372,256.7925985,403.9762316
166,1156.023256,0.974267415,0.94927078,0.90103468,0.008890558,0.055493239,0.000215422,128.6385388,256.5666971,403.4711312
167,1157.777011,0.974178758,0.949098281,0.900706964,0.008889749,0.055483155,0.000215343,128.5358347,256.3383578,402.9606723
168,1159.513965,0.974090275,0.948926136,0.900379977,0.008888941,0.055473091,0.000215265,128.4333315,256.1104858,402.4513508
169,1161.285794,0.974003102,0.948756554,0.900057918,0.008888146,0.055463178,0.000215188,128.3323458,255.8860074,401.9497049
170,1163.134378,0.973918166,0.94859134,0.899744209,0.008887371,0.055453519,0.000215113,128.2339523,255.6673104,401.461065
171,1165.049522,0.973835247,0.948430062,0.899438028,0.008886614,0.055444091,0.00021504,128.137895,255.4538243,400.9841503
172,1167.003784,0.973753739,0.948271542,0.899137132,0.00888587,0.055434824,0.000214968,128.0434721,255.2439884,400.5154689
173,1168.969711,0.973673032,0.948114593,0.898839268,0.008885134,0.055425649,0.000214897,127.949977,255.0362317,400.0515091
174,1170.919851,0.973592513,0.947958021,0.89854217,0.008884399,0.055416496,0.000214826,127.8566995,254.8289754,399.5887433
175,1172.82675,0.973511565,0.947800629,0.898243565,0.00888366,0.055407295,0.000214754,127.7629252,254.6206326,399.1236286
176,1174.674319,0.973429821,0.947641704,0.897942101,0.008882914,0.055398005,0.000214682,127.6682297,254.4102608,398.6540628
177,1176.494522,0.973347988,0.947482618,0.897640383,0.008882168,0.055388705,0.00021461,127.5734303,254.1996756,398.1840998
178,1178.33202,0.973267059,0.947325303,0.897342072,0.008881429,0.055379508,0.000214539,127.4796782,253.9914342,397.719445
179,1180.231475,0.973188034,0.9471717,0.89705085,0.008880708,0.055370529,0.000214469,127.3881311,253.7881074,397.2658311
180,1182.23755,0.973111916,0.947023761,0.896770411,0.008880013,0.055361881,0.000214402,127.2999526,253.5922777,396.8290125
181,1184.394903,0.973039713,0.946883441,0.896504456,0.008879355,0.055353678,0.000214338,127.2163096,253.4065346,396.4147562
182,1186.724191,0.972971895,0.946751651,0.896254704,0.008878736,0.055345973,0.000214279,127.1377452,253.232082,396.0257366
183,1189.165222,0.97290711,0.946625765,0.896016172,0.008878145,0.055338614,0.000214222,127.0626951,253.0654442,395.6541945
184,1191.640795,0.972843621,0.946502407,0.895782462,0.008877565,0.055331403,0.000214166,126.9891475,252.9021532,395.2901624
185,1194.073712,0.972779691,0.946378199,0.895547171,0.008876982,0.055324142,0.00021411,126.9150879,252.7377363,394.9236683
186,1196.38733,0.972713591,0.946249782,0.895303941,0.008876379,0.055316635,0.000214051,126.838514,252.5677489,394.5448079
187,1198.542095,0.972644423,0.946115415,0.895049475,0.008875747,0.05530878,0.000213991,126.7583862,252.3898842,394.148446
188,1200.558158,0.97257263,0.945975958,0.89478541,0.008875092,0.055300627,0.000213927,126.6752176,252.2052833,393.7371326
189,1202.461072,0.972498777,0.945832511,0.894513829,0.008874418,0.055292242,0.000213862,126.5896627,252.0153997,393.314112
190,1204.276392,0.97242343,0.945686173,0.894236817,0.008873731,0.055283687,0.000213796,126.5023769,251.8216894,392.8826326
191,1206.029671,0.972347156,0.945538048,0.893956466,0.008873035,0.055275028,0.000213729,126.4140182,251.6256131,392.4459512
192,1207.746222,0.972270522,0.945389233,0.893674854,0.008872335,0.055266328,0.000213662,126.325241,251.4286239,392.0073055
193,1209.441715,0.972193875,0.945240406,0.893393264,0.008871636,0.055257628,0.000213595,126.2364502,251.2316196,391.5686956
194,1211.119135,0.97211728,0.945091691,0.89311193,0.008870937,0.055248934,0.000213527,126.1477189,251.0347631,391.1304836
195,1212.780602,0.972040781,0.944943173,0.892831013,0.008870239,0.055240252,0.00021346,126.0590982,250.8381673,390.692921
196,1214.428237,0.971964421,0.944794939,0.892550675,0.008869542,0.055231586,0.000213393,125.9706394,250.6419461,390.2562608
197,1216.06416,0.971888246,0.944647073,0.89227108,0.008868847,0.055222942,0.000213326,125.8823942,250.446214,389.8207574
198,1217.690492,0.9718123,0.944499664,0.891992392,0.008868154,0.055214325,0.00021326,125.7944146,250.2510863,389.3866666
199,1219.309353,0.971736628,0.944352799,0.891714776,0.008867463,0.055205739,0.000213193,125.706753,250.0566787,388.9542455
200,1220.922862,0.971661277,0.944206567,0.891438397,0.008866776,0.055197191,0.000213127,125.6194618,249.8631079,388.5237525
201,1222.530355,0.971586227,0.944060931,0.89116319,0.008866091,0.055188677,0.000213061,125.5325203,249.6703273,388.0950833
202,1224.12292,0.971511271,0.94391549,0.890888392,0.008865407,0.055180175,0.000212996,125.4456883,249.4778043,387.6670529
203,1225.690123,0.971436167,0.943769771,0.890613113,0.008864722,0.055171656,0.00021293,125.358684,249.2849141,387.2382723
204,1227.221527,0.971360669,0.943623301,0.890336457,0.008864033,0.055163094,0.000212864,125.2712239,249.0910285,386.807346
205,1228.706698,0.971284533,0.943475602,0.890057523,0.008863338,0.055154459,0.000212797,125.1830234,248.8955165,386.3728728
206,1230.135257,0.971207511,0.943326197,0.889775413,0.008862635,0.055145725,0.00021273,125.0937973,248.697747,385.9334519
207,1231.513197,0.971129734,0.943175341,0.889490607,0.008861925,0.055136906,0.000212662,125.0036971,248.4980556,385.4898319
208,1232.885648,0.971052239,0.943025044,0.889206902,0.008861218,0.05512812,0.000212594,124.9139238,248.2991047,385.0479274
209,1234.30346,0.970976203,0.942877586,0.888928601,0.008860524,0.0551195,0.000212527,124.8258394,248.1039121,384.6144392
210,1235.817486,0.970902807,0.942735259,0.888660025,0.008859855,0.05511118,0.000212463,124.7408135,247.9155115,384.1960994
211,1237.478577,0.970833238,0.942600364,0.888405511,0.00885922,0.055103294,0.000212402,124.6602216,247.7369488,383.7996627
212,1239.337585,0.970768686,0.942475206,0.888169401,0.008858631,0.055095977,0.000212346,124.5854419,247.5712753,383.4318931
213,1241.445352,0.970710341,0.942362089,0.887956031,0.008858098,0.055089365,0.000212295,124.5178515,247.4215391,383.0995438
214,1243.814163,0.970658488,0.942261565,0.88776644,0.008857625,0.055083488,0.000212249,124.4577834,247.2884748,382.8042322
215,1246.329582,0.970610465,0.94216847,0.887590876,0.008857187,0.055078046,0.000212207,124.4021511,247.1652431,382.5307707
216,1248.851184,0.970563003,0.942076468,0.887417391,0.008856754,0.055072668,0.000212166,124.3471692,247.0434582,382.2605462
217,1251.238545,0.97051284,0.941979234,0.887234059,0.008856296,0.055066984,0.000212122,124.2890578,246.9147479,381.9749839
218,1253.352638,0.970456747,0.941870512,0.887029087,0.008855784,0.055060628,0.000212073,124.2240768,246.77083,381.6557163
219,1255.142056,0.970393524,0.941747976,0.886798103,0.008855207,0.055053464,0.000212018,124.1508354,246.6086272,381.2959298
220,1256.693317,0.970325164,0.941615495,0.886548406,0.008854583,0.05504572,0.000211958,124.0716445,246.4332605,380.9069967
221,1258.105052,0.970253947,0.941477487,0.886288327,0.008853933,0.055037652,0.000211896,123.9891432,246.2505757,380.5018917
222,1259.475894,0.970182158,0.94133838,0.886026218,0.008853278,0.05502952,0.000211833,123.9059797,246.0664383,380.0936257
223,1260.904477,0.970112095,0.941202628,0.885770467,0.008852639,0.055021584,0.000211772,123.8248155,245.8867409,379.6952622
224,1262.487818,0.970046029,0.941074628,0.885529353,0.008852036,0.055014101,0.000211714,123.7482805,245.7173042,379.3196979
225,1264.26114,0.969984789,0.940955988,0.885305902,0.008851477,0.055007166,0.000211661,123.6773379,245.5602585,378.9716447
226,1266.179926,0.969927342,0.940844702,0.885096325,0.008850953,0.05500066,0.000211611,123.6107884,245.4129468,378.6452043
227,1268.194382,0.969872524,0.940738514,0.884896374,0.008850453,0.054994452,0.000211563,123.5472841,245.2723841,378.3337557
228,1270.254716,0.969819168,0.940635165,0.884701791,0.008849966,0.054988411,0.000211517,123.4854744,245.1355798,378.0306685
229,1272.31319,0.969766156,0.940532488,0.884508493,0.008849482,0.054982408,0.00021147,123.4240629,244.9996641,377.7295832
230,1274.346223,0.969712934,0.940429409,0.884314459,0.008848996,0.054976383,0.000211424,123.3624074,244.8632161,377.4273515
231,1276.345959,0.969659314,0.940325566,0.884119009,0.008848507,0.054970312,0.000211377,123.300292,244.7257576,377.1229155
232,1278.304812,0.969605117,0.940220611,0.883921488,0.008848013,0.054964176,0.00021133,123.2375077,244.5868268,376.8152525
233,1280.215195,0.969550163,0.940114194,0.883721239,0.008847511,0.054957955,0.000211282,123.1738453,244.4459608,376.5033395
234,1282.069522,0.969494269,0.940005965,0.883517603,0.008847001,0.054951629,0.000211233,123.1090954,244.3026965,376.1861522
235,1283.860206,0.969437255,0.939895574,0.883309922,0.008846481,0.054945175,0.000211184,123.0430478,244.1565695,375.8626644
236,1285.580368,0.969378956,0.9397827,0.883097597,0.008845949,0.054938577,0.000211133,122.9755109,244.0071564,375.5319415
237,1287.235903,0.969319504,0.939667603,0.882881116,0.008845406,0.054931848,0.000211081,122.9066397,243.8548005,375.1947458
238,1288.843782,0.969259295,0.939551046,0.882661915,0.008844857,0.054925035,0.000211029,122.8368902,243.7005114,374.8533134
239,1290.421346,0.969198731,0.939433809,0.882441463,0.008844304,0.054918181,0.000210976,122.7667298,243.5453228,374.5099334
240,1291.985933,0.969138216,0.939316675,0.882221234,0.008843752,0.054911333,0.000210924,122.6966268,243.3902709,374.166899
241,1293.554882,0.969078157,0.93920043,0.882002701,0.008843204,0.054904538,0.000210871,122.6270512,243.2363949,373.8265082
242,1295.145534,0.96901896,0.93908586,0.881787345,0.008842664,0.05489784,0.00021082,122.558474,243.0847364,373.4910643
243,1296.774798,0.968961022,0.938973734,0.881576609,0.008842135,0.054891286,0.000210769,122.4913559,242.9363137,373.162817
244,1298.446629,0.968904436,0.938864232,0.881370828,0.008841619,0.054884884,0.00021072,122.4258047,242.7913644,372.8422891
245,1300.150005,0.968848943,0.938756851,0.881169055,0.008841112,0.054878607,0.000210672,122.3615188,242.6492212,372.5280029
246,1301.873075,0.968794262,0.938651046,0.880970267,0.008840613,0.054872422,0.000210624,122.2981733,242.5091653,372.2183671
247,1303.603986,0.968740111,0.938546274,0.880773443,0.008840119,0.054866297,0.000210577,122.2354426,242.3704766,371.9117884
248,1305.330884,0.96868621,0.93844199,0.880577556,0.008839627,0.0548602,0.000210531,122.1730007,242.232434,371.6066718
249,1307.041918,0.968632276,0.938337648,0.880381584,0.008839135,0.054854101,0.000210484,122.1105211,242.0943155,371.3014215
250,1308.725234,0.968578027,0.938232703,0.880184501,0.00883864,0.054847966,0.000210437,122.0476765,241.9553982,370.9944401
251,1310.368981,0.968523181,0.938126608,0.87998528,0.00883814,0.054841764,0.000210389,121.9841396,241.8149582,370.6841289
252,1311.961305,0.968467453,0.938018815,0.879782893,0.008837631,0.054835462,0.000210341,121.919582,241.6722703,370.3688866
253,1313.496458,0.968410705,0.937909054,0.879576835,0.008837113,0.054829046,0.000210291,121.8538419,241.5269772,370.0479259
254,1314.995778,0.968353437,0.937798294,0.879368927,0.008836591,0.054822571,0.000210242,121.7875,241.3803626,369.7240843
255,1316.488124,0.96829633,0.937687852,0.879161641,0.008836069,0.054816114,0.000210192,121.7213448,241.2341693,369.4012111
256,1318.002349,0.968240067,0.937579048,0.878957452,0.008835556,0.054809754,0.000210143,121.6561666,241.0901433,369.0831621
257,1319.56731,0.96818533,0.937473204,0.87875884,0.008835057,0.054803566,0.000210096,121.5927576,240.9500351,368.7737998
258,1321.211862,0.968132807,0.937371643,0.878568287,0.008834577,0.054797629,0.00021005,121.5319115,240.815597,368.4769902
259,1322.956809,0.968082989,0.93727532,0.878387582,0.008834123,0.054791998,0.000210007,121.4742008,240.6880932,368.1955199
260,1324.79441,0.968035695,0.93718388,0.878216053,0.008833691,0.054786653,0.000209966,121.4194123,240.5670518,367.9283425
261,1326.710603,0.967990587,0.937096673,0.878052481,0.008833279,0.054781555,0.000209927,121.367158,240.4516144,367.673559
262,1328.691326,0.967947332,0.937013049,0.877895644,0.008832885,0.054776666,0.000209889,121.3170485,240.3409205,367.4292673
263,1330.722516,0.967905592,0.936932359,0.877744322,0.008832504,0.054771949,0.000209853,121.2686945,240.2341089,367.1935643
264,1332.790106,0.96786503,0.93685395,0.877597292,0.008832134,0.054767366,0.000209818,121.221706,240.1303183,366.9645473
265,1334.874421,0.967825178,0.936776917,0.877452852,0.00883177,0.054762862,0.000209784,121.1755396,240.0283477,366.7395648
266,1336.939906,0.967785191,0.936699625,0.877307939,0.008831405,0.054758344,0.000209749,121.1292163,239.9260347,366.5138455
267,1338.948213,0.967744158,0.936620315,0.877159256,0.008831031,0.054753707,0.000209713,121.0816817,239.8210507,366.2822528
268,1340.860993,0.967701169,0.93653723,0.877003508,0.008830638,0.05474885,0.000209676,121.0318821,239.7110692,366.039657
269,1342.639899,0.967655317,0.936448612,0.876837405,0.00883022,0.05474367,0.000209636,120.978764,239.5937639,365.7809302
270,1344.246691,0.96760569,0.936352705,0.876657658,0.008829767,0.054738063,0.000209593,120.9212744,239.4668113,365.500953
271,1345.668917,0.96755199,0.936248931,0.876463186,0.008829277,0.054731997,0.000209547,120.8590653,239.3294438,365.1980393
272,1346.952916,0.967495306,0.936139399,0.876257946,0.00882876,0.054725594,0.000209498,120.7934004,239.1844536,364.8783532
273,1348.153182,0.967436926,0.936026593,0.876046599,0.008828227,0.054718999,0.000209447,120.7257693,239.035131,364.5491538
274,1349.324209,0.967378137,0.935913007,0.875833813,0.008827691,0.054712359,0.000209396,120.6576657,238.8847742,364.2177146
275,1350.520489,0.967320234,0.935801138,0.875624272,0.008827162,0.054705819,0.000209346,120.5905885,238.7366922,363.8913292
276,1351.796517,0.967264516,0.935693496,0.875422671,0.008826654,0.054699527,0.000209298,120.5260415,238.5942044,363.5773108
277,1353.206775,0.967212283,0.935592593,0.875233712,0.008826177,0.054693628,0.000209253,120.465532,238.460637,363.2829842
278,1354.781016,0.967164248,0.935499805,0.875059967,0.008825739,0.054688204,0.000209211,120.409886,238.3378112,363.0123557
279,1356.47141,0.967119273,0.935412931,0.874897314,0.008825328,0.054683125,0.000209173,120.3577846,238.2228151,362.7590033
280,1358.214956,0.967075855,0.93532907,0.874740315,0.008824932,0.054678223,0.000209135,120.3074876,238.1118065,362.514458
281,1359.94865,0.967032492,0.935245317,0.874583533,0.008824536,0.054673327,0.000209098,120.2572534,238.0009414,362.2702509
282,1361.609489,0.966987679,0.935158769,0.874421533,0.008824128,0.054668267,0.000209059,120.2053402,237.8863762,362.0179165
283,1363.134472,0.966939913,0.935066521,0.87424888,0.008823692,0.054662875,0.000209017,120.1500054,237.7642657,361.748989
284,1364.460595,0.966887685,0.934965662,0.874060132,0.008823215,0.054656978,0.000208972,120.0895024,237.6307572,361.4549897
285,1365.54725,0.966830017,0.934854303,0.873851756,0.008822689,0.054650469,0.000208923,120.0226968,237.4833494,361.1304196
286,1366.451337,0.966768252,0.934735041,0.873628619,0.008822125,0.054643497,0.000208869,119.9511453,237.3254796,360.7828567
287,1367.256287,0.966704372,0.934611702,0.873397885,0.008821542,0.054636286,0.000208814,119.8771435,237.1622137,360.4234607
288,1368.045534,0.966640367,0.93448813,0.873166746,0.008820958,0.054629062,0.000208759,119.8029967,236.998639,360.0634325
289,1368.902511,0.966578237,0.934368186,0.872942422,0.008820391,0.054622051,0.000208705,119.7310224,236.8398674,359.7140214
290,1369.910651,0.966519992,0.934255749,0.872732165,0.00881986,0.054615478,0.000208655,119.6635487,236.6910329,359.3865199
291,1371.153386,0.966467647,0.934154709,0.87254324,0.008819382,0.054609571,0.00020861,119.6029104,236.5572836,359.0922464
292,1372.696521,0.966422795,0.934068135,0.872381381,0.008818973,0.05460451,0.000208571,119.5509515,236.4426845,358.840132
293,1374.49803,0.966384428,0.933994081,0.872242942,0.008818623,0.054600181,0.000208538,119.5065051,236.3446585,358.6244966
294,1376.475129,0.966350551,0.933928698,0.872120721,0.008818313,0.054596359,0.000208509,119.4672607,236.2581091,358.4341213
295,1378.54496,0.966319168,0.933868129,0.872007507,0.008818027,0.054592818,0.000208482,119.4309051,236.1779332,358.2577772
296,1380.624663,0.966288285,0.933808526,0.871896106,0.008817745,0.054589334,0.000208455,119.3951282,236.0990358,358.0842566
297,1382.631381,0.966255911,0.93374605,0.871779341,0.00881745,0.054585681,0.000208427,119.3576251,236.0163346,357.9023817
298,1384.495576,0.966220381,0.933677484,0.871651206,0.008817126,0.054581673,0.000208396,119.3164653,235.925573,357.7027947
299,1386.212315,0.966181578,0.933602605,0.871511282,0.008816772,0.054577296,0.000208363,119.271514,235.8264543,357.4848471
300,1387.796218,0.966139853,0.93352209,0.871360839,0.008816391,0.054572589,0.000208327,119.223177,235.7198746,357.2505133
301,1389.261909,0.966095553,0.933436612,0.871201137,0.008815987,0.054567592,0.000208289,119.1718584,235.6067258,357.0017584
302,1390.624013,0.966049028,0.933346843,0.871033434,0.008815562,0.054562344,0.000208249,119.1179612,235.487897,356.7405407
303,1391.897156,0.966000624,0.933253453,0.870858985,0.00881512,0.054556885,0.000208207,119.0618875,235.3642758,356.4688147
304,1393.097639,0.965950728,0.933157191,0.870679188,0.008814665,0.054551257,0.000208164,119.0040861,235.2368523,356.1887595
305,1394.248258,0.965899885,0.933059107,0.870496006,0.008814201,0.054545523,0.00020812,118.9451872,235.1070158,355.9034307
306,1395.373379,0.965848677,0.932960324,0.870311539,0.008813734,0.054539749,0.000208076,118.8858657,234.9762547,355.6161005
307,1396.497367,0.965797689,0.932861969,0.870127891,0.008813268,0.054533999,0.000208032,118.8267984,234.8460609,355.3300471
308,1397.644588,0.965747506,0.932765173,0.869947172,0.00881281,0.05452834,0.000207989,118.768664,234.7179299,355.0485554
309,1398.839405,0.965698716,0.932671067,0.869771495,0.008812365,0.054522839,0.000207947,118.7121425,234.5933604,354.774916
310,1400.098506,0.96565172,0.932580429,0.869602307,0.008811936,0.054517541,0.000207907,118.6577011,234.473381,354.5113856
311,1401.414752,0.96560635,0.932492927,0.869438991,0.008811522,0.054512425,0.000207868,118.6051414,234.3575541,354.2570006
312,1402.776396,0.96556232,0.932408017,0.869280525,0.008811121,0.054507462,0.00020783,118.5541357,234.2451569,354.010171
313,1404.171689,0.965519349,0.932325151,0.869125887,0.008810728,0.054502617,0.000207793,118.5043553,234.135465,353.7693038
314,1405.588883,0.965477151,0.93224378,0.868974054,0.008810343,0.05449786,0.000207756,118.4554713,234.0277529,353.532805
315,1407.016231,0.965435442,0.932163356,0.868824001,0.008809963,0.054493159,0.000207721,118.4071543,233.9212946,353.2990795
316,1408.441983,0.965393939,0.932083331,0.868674704,0.008809584,0.054488481,0.000207685,118.3590745,233.8153636,353.0665316
317,1409.854392,0.965352355,0.932003155,0.868525139,0.008809205,0.054483794,0.000207649,118.310902,233.7092331,352.8335657
318,1411.245161,0.96531049,0.931922439,0.868374581,0.008808823,0.054479075,0.000207613,118.2624033,233.6023885,352.5990526
319,1412.632371,0.965268779,0.931842023,0.868224595,0.008808442,0.054474374,0.000207577,118.2140828,233.4959408,352.3654311
320,1414.046282,0.965227951,0.931763315,0.868077805,0.008808069,0.054469773,0.000207542,118.1667859,233.3917528,352.1367883
321,1415.517221,0.965188739,0.931687724,0.867936841,0.008807712,0.054465354,0.000207508,118.1213607,233.2916917,351.9172203
322,1417.075508,0.965151874,0.93161666,0.867804332,0.008807375,0.0544612,0.000207477,118.0786545,233.1976239,351.7108201
323,1418.732149,0.96511762,0.931550634,0.867681222,0.008807063,0.05445734,0.000207447,118.0389738,233.1102233,351.5190628
324,1420.431464,0.965084632,0.931487047,0.867562671,0.008806761,0.054453623,0.000207419,118.0007579,233.0260521,351.3344037
325,1422.103402,0.965051214,0.931422636,0.867442591,0.008806457,0.054449857,0.00020739,117.9620456,232.9407904,351.1473653
326,1423.677908,0.965015677,0.931354141,0.867314907,0.008806132,0.054445853,0.00020736,117.9208772,232.8501226,350.9484815
327,1425.084931,0.964976328,0.931278303,0.867173544,0.008805773,0.05444142,0.000207326,117.8752934,232.7497343,350.7282924
328,1426.254491,0.964931475,0.931191861,0.86701243,0.008805364,0.054436367,0.000207287,117.8233334,232.6353089,350.4773369
329,1427.171317,0.96488074,0.931094088,0.866830216,0.008804901,0.054430651,0.000207244,117.7645601,232.5058855,350.193516
330,1427.971586,0.964827404,0.930991307,0.866638688,0.008804414,0.054424642,0.000207198,117.7027727,232.3698325,349.8951888
331,1428.817461,0.964775384,0.930891069,0.86645192,0.008803939,0.054418783,0.000207153,117.6425108,232.2371455,349.604274
332,1429.871109,0.964728613,0.930800948,0.866284019,0.008803513,0.054413514,0.000207113,117.5883285,232.117851,349.3427491
333,1431.291524,0.96469095,0.930728381,0.866148835,0.008803169,0.054409272,0.000207081,117.5446978,232.0217926,349.1321822
334,1433.101207,0.964662941,0.930674416,0.866048311,0.008802913,0.054406117,0.000207057,117.5122507,231.9503584,348.975604
335,1435.137312,0.96464063,0.930631433,0.865968246,0.00880271,0.054403605,0.000207038,117.4864054,231.8934602,348.8508939
336,1437.22376,0.964619748,0.930591201,0.865893312,0.008802519,0.054401253,0.00020702,117.4622145,231.8402051,348.7341743
337,1439.184471,0.964596036,0.930545519,0.865808229,0.008802303,0.054398582,0.000206999,117.4347454,231.7797348,348.601647
338,1440.855125,0.964565532,0.930486752,0.865698781,0.008802025,0.054395147,0.000206973,117.3994073,231.7019438,348.4311691
339,1442.22,0.96452786,0.93041418,0.865563634,0.008801681,0.054390904,0.000206941,117.3557666,231.6058795,348.2206605
340,1443.365226,0.9644851,0.930331809,0.86541025,0.008801291,0.054386089,0.000206904,117.306231,231.4968434,347.9817462
341,1444.378919,0.964439374,0.93024373,0.865246252,0.008800873,0.05438094,0.000206865,117.2532603,231.3802514,347.7262995
342,1445.349197,0.964392809,0.930154038,0.865079267,0.008800448,0.054375697,0.000206825,117.1993171,231.2615245,347.4662001
343,1446.364178,0.964347535,0.930066837,0.864916934,0.008800035,0.054370599,0.000206786,117.1468692,231.1460944,347.2133471
344,1447.506182,0.964305546,0.929985966,0.864766401,0.008799652,0.054365871,0.00020675,117.0982271,231.039045,346.9788735
345,1448.801316,0.964267477,0.929912649,0.864629938,0.008799305,0.054361585,0.000206718,117.0541262,230.9419935,346.7663165
346,1450.244095,0.964233196,0.92984663,0.864507068,0.008798992,0.054357726,0.000206688,117.0144134,230.8546023,346.5749311
347,1451.828686,0.96420256,0.929787632,0.864397274,0.008798712,0.054354277,0.000206662,116.9789235,230.7765063,346.4039138
348,1453.549254,0.964175425,0.929735377,0.864300034,0.008798465,0.054351222,0.000206639,116.9474886,230.7073356,346.2524504
349,1455.399966,0.964151643,0.929689582,0.86421482,0.008798248,0.054348545,0.000206619,116.9199391,230.6467161,346.1197185
350,1457.368676,0.964130915,0.929649668,0.864140552,0.008798058,0.054346212,0.000206601,116.8959269,230.5938812,346.0040371
351,1459.395551,0.964111789,0.929612838,0.864072025,0.008797884,0.054344059,0.000206584,116.8737694,230.5451285,345.897298
352,1461.398957,0.964092289,0.929575291,0.864002166,0.008797706,0.054341864,0.000206568,116.85118,230.4954262,345.7884841
353,1463.297149,0.964070446,0.929533232,0.863923917,0.008797507,0.054339405,0.000206549,116.8258761,230.4397526,345.6666026
354,1465.008384,0.964044294,0.929482879,0.863830241,0.008797268,0.054336461,0.000206527,116.795581,230.373099,345.5206909
355,1466.477998,0.964012523,0.929421706,0.863716443,0.008796978,0.054332885,0.000206499,116.758775,230.2921231,345.3434365
356,1467.743534,0.963976037,0.929351458,0.863585774,0.008796645,0.054328779,0.000206468,116.7165079,230.1991353,345.139903
357,1468.86215,0.963936211,0.929274785,0.863443162,0.008796282,0.054324297,0.000206434,116.6703725,230.0976413,344.9177684
358,1469.891003,0.963894421,0.929194332,0.863293533,0.0087959,0.054319593,0.000206398,116.6219606,229.991144,344.684703
359,1470.887251,0.963852041,0.929112747,0.863141813,0.008795514,0.054314824,0.000206362,116.5728658,229.8831489,344.4483805
360,1471.90803,0.963810449,0.929032682,0.862992933,0.008795134,0.054310144,0.000206326,116.5246835,229.7771658,344.216481
361,1472.99626,0.963770681,0.928956132,0.8628506,0.008794771,0.054305668,0.000206292,116.4786144,229.675835,343.9947799
362,1474.155903,0.963732834,0.928883282,0.862715157,0.008794426,0.05430141,0.00020626,116.4347703,229.5794021,343.7838118
363,1475.38431,0.963696844,0.928814009,0.862586376,0.008794097,0.05429736,0.000206229,116.3930776,229.4877047,343.583219
364,1476.67883,0.963662647,0.92874819,0.862464023,0.008793785,0.054293512,0.0002062,116.353462,229.4005789,343.3926405
365,1478.036812,0.963630178,0.9286857,0.862347867,0.008793489,0.054289859,0.000206172,116.3158488,229.3178594,343.2117131
366,1479.455607,0.963599373,0.928626413,0.862237673,0.008793208,0.054286394,0.000206146,116.2801624,229.2393802,343.0400716
367,1480.932564,0.963570166,0.928570203,0.862133204,0.008792941,0.054283108,0.000206121,116.2463272,229.1649743,342.8773488
368,1482.460013,0.963542369,0.928516711,0.862033791,0.008792688,0.05427998,0.000206097,116.2141266,229.0941651,342.722501
369,1484.011203,0.963515337,0.928464689,0.861937117,0.008792441,0.054276939,0.000206074,116.1828107,229.0253031,342.57192
370,1485.554853,0.963488311,0.928412683,0.861840479,0.008792194,0.054273899,0.000206051,116.1515034,228.9564623,342.4213937
371,1487.059682,0.963460539,0.928359241,0.861741176,0.008791941,0.054270775,0.000206027,116.1193302,228.8857193,342.266717
372,1488.494408,0.963431264,0.92830291,0.861636511,0.008791674,0.054267482,0.000206002,116.0854171,228.8111527,342.1036898
373,1489.827751,0.963399733,0.928242239,0.861523792,0.008791386,0.054263935,0.000205975,116.0488904,228.7308422,341.9281154
374,1491.028429,0.963365192,0.928175778,0.861400322,0.008791071,0.05426005,0.000205946,116.0088759,228.6428658,341.7357954
375,1492.065159,0.963326883,0.92810207,0.8612634,0.008790721,0.054255741,0.000205913,115.964497,228.5452978,341.5225238
376,1492.912187,0.963284181,0.928019913,0.861110795,0.008790332,0.054250938,0.000205876,115.9150285,228.4365446,341.2848226
377,1493.596704,0.963237733,0.927930554,0.860944829,0.008789908,0.054245714,0.000205837,115.8612214,228.3182587,341.0263097
378,1494.175371,0.963188901,0.927836611,0.860770366,0.008789462,0.054240223,0.000205795,115.8046514,228.1939051,340.7545631
379,1494.705165,0.963139054,0.927740724,0.86059231,0.008789007,0.054234617,0.000205752,115.7469072,228.0669771,340.4772188
380,1495.243067,0.963089571,0.927645539,0.860415577,0.008788556,0.054229053,0.00020571,115.6895834,227.9409795,340.2019361
381,1495.846053,0.963041832,0.927553715,0.8602451,0.00878812,0.054223685,0.000205669,115.6342804,227.8194298,339.936398
382,1496.571102,0.962997224,0.927467916,0.860085826,0.008787713,0.054218669,0.000205631,115.5826039,227.7058561,339.6883081
383,1497.471662,0.962957049,0.927390647,0.8599424,0.008787346,0.054214152,0.000205597,115.5360634,227.6035746,339.4649047
384,1498.550153,0.962921372,0.927322032,0.859815045,0.008787021,0.054210141,0.000205567,115.4947331,227.5127472,339.2665346
385,1499.770614,0.962889321,0.927260393,0.859700649,0.008786728,0.054206538,0.000205539,115.4576041,227.4311554,339.0883483
386,1501.09615,0.962860001,0.927204008,0.859596009,0.008786461,0.054203241,0.000205514,115.4236385,227.3565175,338.9253587
387,1502.489865,0.962832515,0.927151151,0.859497921,0.00878621,0.054200151,0.000205491,115.391797,227.2865493,338.7725755
388,1503.914862,0.962805965,0.927100096,0.859403183,0.008785968,0.054197167,0.000205468,115.3610403,227.2189668,338.62501
389,1505.334246,0.962779455,0.927049119,0.859308597,0.008785726,0.054194187,0.000205446,115.33033,227.1514882,338.4776795
390,1506.711734,0.962752105,0.926996528,0.859211019,0.008785476,0.054191112,0.000205422,115.298646,227.0818718,338.3256899
391,1508.025314,0.96272338,0.926941295,0.859108545,0.008785214,0.054187883,0.000205398,115.2653695,227.0087587,338.1660753
392,1509.267309,0.962693094,0.926883062,0.859000513,0.008784938,0.054184479,0.000205372,115.2302846,226.9316747,337.9978024
393,1510.430674,0.962661075,0.9268215,0.858886313,0.008784646,0.05418088,0.000205345,115.1931929,226.850184,337.8199211
394,1511.508363,0.962627152,0.926756278,0.858765332,0.008784336,0.054177068,0.000205316,115.153895,226.7638493,337.631479
395,1512.49333,0.962591152,0.926687066,0.858636958,0.008784008,0.054173022,0.000205285,115.1121908,226.6722315,337.43152
396,1513.379729,0.962552931,0.926613585,0.858500677,0.008783659,0.054168726,0.000205252,115.0679129,226.5749635,337.2192458
397,1514.181813,0.96251283,0.926536495,0.858357713,0.008783293,0.054164219,0.000205218,115.0214583,226.4729179,336.996563
398,1514.930484,0.962471597,0.926457232,0.858210734,0.008782917,0.054159586,0.000205183,114.9736926,226.3679966,336.7676244
399,1515.657145,0.962429994,0.92637726,0.858062451,0.008782537,0.054154911,0.000205148,114.9254972,226.2621359,336.5366559
400,1516.393199,0.962388782,0.926298044,0.857915583,0.008782161,0.05415028,0.000205112,114.8777555,226.1572763,336.3078913
401,1517.170049,0.962348726,0.926221053,0.857772853,0.008781795,0.054145779,0.000205078,114.831353,226.0553624,336.0855719
402,1518.019099,0.962310593,0.92614776,0.857636988,0.008781447,0.054141494,0.000205046,114.7871769,225.9583423,335.8739452
403,1518.971751,0.962275147,0.926079636,0.857510716,0.008781124,0.054137512,0.000205016,114.7461155,225.8681662,335.6772621
404,1520.059181,0.962243152,0.926018146,0.857396747,0.008780832,0.054133917,0.000204988,114.7090506,225.7867697,335.4997408
405,1521.290611,0.962214832,0.92596372,0.857295878,0.008780573,0.054130736,0.000204964,114.6762431,225.7147249,335.3426248
406,1522.635406,0.962189439,0.925914921,0.857205443,0.008780342,0.054127883,0.000204943,114.6468269,225.6501292,335.2017618
407,1524.058715,0.962166123,0.925870113,0.857122409,0.008780129,0.054125264,0.000204923,114.619816,225.590817,335.0724267
408,1525.52569,0.962144032,0.925827662,0.857043746,0.008779927,0.054122782,0.000204904,114.5942249,225.5346236,334.9498985
409,1527.001482,0.962122317,0.925785934,0.856966425,0.008779729,0.054120342,0.000204886,114.5690691,225.4793874,334.8294628
410,1528.451239,0.962100129,0.925743298,0.856887427,0.008779527,0.05411785,0.000204867,114.5433656,225.4229497,334.7064131
411,1529.840113,0.962076621,0.925698127,0.856803735,0.008779312,0.054115209,0.000204847,114.5161328,225.3631557,334.576052
412,1531.133254,0.962050946,0.925648794,0.856712336,0.008779078,0.054112325,0.000204825,114.4863902,225.2978527,334.4336873
413,1532.304977,0.962022482,0.925594101,0.856611012,0.008778818,0.054109128,0.000204801,114.4534152,225.2254546,334.2758639
414,1533.368627,0.961991551,0.925534671,0.856500921,0.008778536,0.054105654,0.000204774,114.4175832,225.1467862,334.1043824
415,1534.347943,0.961958729,0.925471611,0.856384112,0.008778236,0.054101968,0.000204746,114.3795613,225.0633127,333.9224385
416,1535.266659,0.961924593,0.925406027,0.856262636,0.008777925,0.054098134,0.000204717,114.3400161,224.9764978,333.733225
417,1536.148514,0.961889717,0.925339026,0.856138543,0.008777607,0.054094217,0.000204688,114.2996146,224.8878063,333.5399351
418,1537.017244,0.961854679,0.925271713,0.856013884,0.008777287,0.054090282,0.000204658,114.2590244,224.7987039,333.3457637
419,1537.896586,0.961820055,0.925205199,0.855890712,0.008776971,0.054086393,0.000204628,114.218914,224.710658,333.1539086
420,1538.806837,0.961786339,0.925140432,0.855770784,0.008776663,0.054082607,0.0002046,114.1798558,224.6249246,332.9671059
421,1539.747721,0.961753524,0.925077399,0.855654075,0.008776364,0.054078922,0.000204572,114.141842,224.5414867,332.7853173
422,1540.711352,0.961721419,0.925015731,0.855539901,0.008776071,0.054075317,0.000204545,114.1046501,224.4598554,332.6074769
423,1541.689832,0.961689831,0.924955057,0.855427575,0.008775783,0.05407177,0.000204518,114.0680568,224.3795407,332.4325164
424,1542.675262,0.961658567,0.924895008,0.855316412,0.008775497,0.05406826,0.000204491,114.0318388,224.3000522,332.2593669
425,1543.659742,0.961627433,0.924835212,0.855205726,0.008775213,0.054064764,0.000204465,113.9957723,224.220899,332.086959
426,1544.635374,0.961596238,0.924775298,0.855094829,0.008774929,0.054061262,0.000204438,113.9596338,224.1415902,331.9142234
427,1545.595392,0.961564814,0.924714949,0.854983133,0.008774642,0.054057734,0.000204411,113.9232313,224.0617047,331.7402431
428,1546.542709,0.961533233,0.924654299,0.854870888,0.008774354,0.054054188,0.000204385,113.8866464,223.9814213,331.5654078
429,1547.485146,0.961501685,0.924593713,0.854758769,0.008774066,0.054050647,0.000204358,113.8500991,223.9012233,331.3907697
430,1548.430562,0.96147036,0.924533559,0.854647457,0.00877378,0.05404713,0.000204331,113.813811,223.8215964,331.2173869
431,1549.386814,0.96143945,0.924474204,0.854537629,0.008773498,0.05404366,0.000204305,113.7780035,223.7430269,331.0463172
432,1550.361763,0.961409147,0.924416015,0.854429967,0.008773221,0.054040259,0.000204279,113.7428985,223.6660011,330.8786196
433,1551.363267,0.961379641,0.92435936,0.854325148,0.008772952,0.054036947,0.000204254,113.7087177,223.5910057,330.7153525
434,1552.398955,0.961351119,0.924304595,0.854223834,0.008772692,0.054033745,0.00020423,113.6756766,223.5185128,330.5575429
435,1553.473557,0.961323696,0.924251942,0.854126431,0.008772442,0.054030667,0.000204207,113.6439083,223.4488146,330.4058261
436,1554.589813,0.961297438,0.924201527,0.854033174,0.008772202,0.05402772,0.000204184,113.6134898,223.3820796,330.2605675
437,1555.750426,0.961272411,0.924153476,0.853944294,0.008771974,0.054024911,0.000204163,113.5844965,223.3184732,330.1221262
438,1556.958097,0.961248678,0.924107913,0.853860021,0.008771757,0.054022247,0.000204143,113.5570039,223.2581604,329.9908601
439,1558.215528,0.961226306,0.924064962,0.853780583,0.008771553,0.054019736,0.000204124,113.5310868,223.2013054,329.8671256
440,1559.52377,0.961205318,0.924024669,0.853706065,0.008771361,0.054017381,0.000204106,113.5067733,223.1479693,329.7510547
441,1560.867842,0.961185347,0.92398633,0.853635163,0.008771179,0.05401514,0.000204089,113.4836382,223.0972195,329.6406168
442,1562.223754,0.961165808,0.92394882,0.853565797,0.008771001,0.054012947,0.000204073,113.4610026,223.0475664,329.5325696
443,1563.567416,0.961146111,0.92391101,0.853495878,0.008770821,0.054010737,0.000204056,113.4381856,222.9975162,329.4236631
444,1564.874739,0.961125672,0.923871773,0.853423325,0.008770634,0.054008443,0.000204038,113.4145072,222.9455777,329.3106524
445,1566.121634,0.961103902,0.923829984,0.853346056,0.008770436,0.054006,0.00020402,113.3892883,222.8902615,329.1902976
446,1567.28401,0.961080217,0.92378452,0.853261995,0.00877022,0.054003342,0.000204,113.3618504,222.8300791,329.0593613
447,1568.339488,0.961054072,0.923734334,0.853169209,0.008769981,0.054000408,0.000203978,113.3315625,222.7636476,328.9148365
448,1569.29054,0.961025526,0.923679543,0.853067914,0.008769721,0.053997205,0.000203954,113.2984941,222.6911194,328.7570571
449,1570.158415,0.960995097,0.923621137,0.852959943,0.008769443,0.053993791,0.000203928,113.263243,222.6138062,328.5888787
450,1570.964824,0.96096331,0.923560128,0.852847167,0.008769153,0.053990225,0.000203901,113.2264197,222.5330477,328.413217
451,1571.731477,0.960930694,0.923497528,0.852731459,0.008768855,0.053986565,0.000203873,113.1886352,222.4501836,328.2329875
452,1572.480083,0.960897775,0.923434351,0.852614691,0.008768555,0.053982872,0.000203845,113.1505007,222.366555,328.0511075
453,1573.232355,0.960865083,0.923371611,0.852498739,0.008768257,0.053979204,0.000203817,113.1126285,222.2835044,327.8704971
454,1574.010003,0.960833146,0.923310323,0.852385477,0.008767965,0.053975621,0.00020379,113.0756317,222.2023762,327.694079
455,1574.834575,0.960802491,0.923251496,0.852276771,0.008767685,0.053972182,0.000203764,113.0401193,222.1245057,327.5247562
456,1575.716056,0.960773362,0.923195598,0.852173484,0.00876742,0.053968915,0.00020374,113.0063742,222.0505125,327.3638742
457,1576.645332,0.960745535,0.923142202,0.852074828,0.008767166,0.053965793,0.000203716,112.9741388,221.9798321,327.2102041
458,1577.611502,0.960718746,0.923090798,0.851979856,0.008766921,0.053962788,0.000203693,112.943105,221.911788,327.0622744
459,1578.603664,0.960692728,0.923040875,0.851887625,0.008766684,0.05395987,0.000203671,112.9129642,221.8457037,326.918613
460,1579.610917,0.960667214,0.922991921,0.851797189,0.008766451,0.053957008,0.00020365,112.8834076,221.780902,326.7777477
461,1580.622359,0.960641938,0.922943424,0.851707603,0.00876622,0.053954173,0.000203628,112.8541265,221.7167061,326.6382065
462,1581.627106,0.960616633,0.922894875,0.851617923,0.008765989,0.053951335,0.000203607,112.8248126,221.65244,326.4985201
463,1582.617943,0.960591124,0.922845933,0.851527525,0.008765757,0.053948474,0.000203585,112.7952614,221.5876555,326.3577143
464,1583.595886,0.960565434,0.922796647,0.851436495,0.008765522,0.053945592,0.000203563,112.7655012,221.5224142,326.2159233
465,1584.563072,0.960539616,0.922747115,0.851345015,0.008765287,0.053942697,0.000203542,112.7355917,221.4568475,326.0734327
466,1585.521639,0.96051372,0.922697436,0.85125327,0.00876505,0.053939793,0.00020352,112.7055928,221.3910866,325.9305279
467,1586.473725,0.960487799,0.922647709,0.851161441,0.008764814,0.053936886,0.000203498,112.6755644,221.3252629,325.7874941
468,1587.421467,0.960461904,0.922598035,0.851069714,0.008764577,0.053933982,0.000203476,112.6455664,221.2595076,325.6446167
469,1588.367003,0.960436087,0.922548511,0.850978269,0.008764342,0.053931087,0.000203454,112.6156587,221.1939519,325.5021809
470,1589.312517,0.960410401,0.922499239,0.850887295,0.008764107,0.053928206,0.000203432,112.5859026,221.1287302,325.3604781
471,1590.260332,0.960384902,0.922450328,0.850796991,0.008763875,0.053925347,0.000203411,112.5563632,221.0639851,325.2198186
472,1591.212798,0.960359646,0.922401885,0.850707558,0.008763644,0.053922515,0.000203389,112.5271064,220.9998613,325.080516
473,1592.172267,0.960334692,0.922354022,0.850619198,0.008763417,0.053919717,0.000203368,112.4981982,220.9365033,324.9428843
474,1593.14109,0.960310096,0.922306846,0.850532112,0.008763192,0.053916959,0.000203347,112.4697047,220.8740557,324.8072372
475,1594.121617,0.960285915,0.922260467,0.850446501,0.008762971,0.053914248,0.000203327,112.4416918,220.8126628,324.673888
476,1595.116199,0.960262205,0.922214993,0.850362567,0.008762755,0.05391159,0.000203307,112.4142254,220.7524692,324.5431501
477,1596.125044,0.960238972,0.922170435,0.850280325,0.008762543,0.053908985,0.000203287,112.3873108,220.6934864,324.4150483
478,1597.139107,0.960215993,0.922126367,0.850198992,0.008762333,0.053906409,0.000203268,112.3606917,220.6351525,324.288362
479,1598.146848,0.960192988,0.922082248,0.850117569,0.008762123,0.053903829,0.000203248,112.3340413,220.5767513,324.1615357
480,1599.136726,0.960169674,0.922037537,0.850035058,0.008761911,0.053901216,0.000203228,112.3070327,220.5175669,324.0330145
481,1600.097199,0.960145768,0.921991694,0.849950461,0.008761692,0.053898536,0.000203208,112.2793394,220.4568832,323.9012442
482,1601.016727,0.960120989,0.921944177,0.84986278,0.008761466,0.053895758,0.000203187,112.2506344,220.3939845,323.764671
483,1601.883768,0.960095055,0.921894446,0.849771018,0.00876123,0.053892851,0.000203165,112.2205909,220.3281545,323.6217406
484,1602.690546,0.960067775,0.921842135,0.849674502,0.008760981,0.053889793,0.000203142,112.1889881,220.2589096,323.4714043
485,1603.452104,0.960039515,0.921787947,0.849574527,0.008760723,0.053886625,0.000203118,112.1562502,220.1871797,323.3156816
486,1604.192045,0.96001085,0.921732984,0.84947313,0.008760461,0.053883412,0.000203094,112.1230436,220.1144252,323.157744
487,1604.933983,0.959982357,0.921678353,0.84937235,0.008760201,0.053880218,0.00020307,112.0900359,220.0421084,323.0007658
488,1605.701537,0.959954612,0.921625158,0.849274224,0.008759948,0.053877108,0.000203046,112.057895,219.9716929,322.8479239
489,1606.518321,0.959928193,0.921574505,0.849180795,0.008759707,0.053874147,0.000203024,112.0272896,219.9046432,322.7023958
490,1607.407952,0.959903676,0.921527502,0.849094101,0.008759483,0.0538714,0.000203003,111.9988883,219.8424239,322.5673591
491,1608.394045,0.959881639,0.921485253,0.84901618,0.008759282,0.05386893,0.000202985,111.9733595,219.7864987,322.4459885
492,1609.497827,0.959862599,0.921448751,0.848948862,0.008759108,0.053866796,0.000202969,111.9513027,219.7381807,322.3411318
493,1610.699319,0.959846066,0.921417056,0.84889041,0.008758958,0.053864943,0.000202955,111.9321501,219.6962253,322.2500863
494,1611.943806,0.959830701,0.921387601,0.848836092,0.008758817,0.053863221,0.000202942,111.9143509,219.6572354,322.1654788
495,1613.175485,0.959815142,0.921357773,0.848781086,0.008758675,0.053861477,0.000202929,111.8963256,219.617751,322.0798009
496,1614.338553,0.959798025,0.921324961,0.848720581,0.008758519,0.053859559,0.000202914,111.8764972,219.5743174,321.985557
497,1615.377208,0.959777992,0.921286559,0.84864977,0.008758336,0.053857314,0.000202897,111.8532902,219.523484,321.8752608
498,1616.240492,0.959753801,0.921240186,0.848564266,0.008758116,0.053854603,0.000202877,111.8252657,219.4620997,321.742078
499,1616.93973,0.959725726,0.921186371,0.848465045,0.008757859,0.053851458,0.000202853,111.7927426,219.3908638,321.5875289
500,1617.529454,0.959695096,0.921127659,0.848356802,0.00875758,0.053848025,0.000202827,111.7572591,219.3131458,321.4189271
501,1618.065069,0.95966326,0.921066638,0.848244308,0.008757289,0.053844458,0.0002028,111.7203785,219.2323707,321.2437045
502,1618.601976,0.959631569,0.921005898,0.84813234,0.008757,0.053840907,0.000202773,111.6836665,219.1519675,321.0693001
503,1619.19558,0.959601378,0.920948033,0.848025679,0.008756725,0.053837525,0.000202748,111.6486914,219.0753706,320.903163
504,1619.901282,0.959574041,0.920895641,0.847929113,0.008756475,0.053834462,0.000202725,111.6170235,219.0060187,320.7527489
505,1620.771931,0.959550853,0.920851201,0.847847206,0.008756264,0.053831864,0.000202705,111.5901611,218.9471923,320.62517
506,1621.808372,0.959531834,0.920814751,0.84778003,0.00875609,0.053829733,0.000202689,111.5681281,218.8989428,320.5205342
507,1622.962949,0.959515816,0.920784054,0.847723459,0.008755944,0.053827939,0.000202676,111.5495726,218.8583095,320.4324184
508,1624.18615,0.959501588,0.920756788,0.847673211,0.008755814,0.053826345,0.000202664,111.5330901,218.8222163,320.3541505
509,1625.428463,0.959487938,0.92073063,0.847625007,0.00875569,0.053824815,0.000202652,111.5172776,218.7875907,320.2790672
510,1626.640377,0.959473658,0.920703263,0.847574577,0.008755559,0.053823216,0.00020264,111.5007343,218.7513652,320.2005171
511,1627.772381,0.959457539,0.920672375,0.847517659,0.008755412,0.05382141,0.000202627,111.4820615,218.7104775,320.1118602
512,1628.774963,0.959438376,0.920635653,0.847449995,0.008755237,0.053819263,0.00020261,111.4598618,218.6618679,320.006464
513,1629.598868,0.959414968,0.920590798,0.847367347,0.008755024,0.053816641,0.000202591,111.4327448,218.6024923,319.8777303
514,1630.23298,0.959387042,0.920537288,0.847268758,0.008754769,0.053813513,0.000202567,111.4003949,218.5316605,319.7241666
515,1630.744417,0.959356234,0.920478256,0.847160001,0.008754488,0.053810062,0.000202541,111.3647051,218.4535185,319.5547644
516,1631.209895,0.959324412,0.920417283,0.847047678,0.008754197,0.053806498,0.000202514,111.3278412,218.3728083,319.3798063
517,1631.706131,0.95929345,0.920357959,0.846938397,0.008753915,0.05380303,0.000202488,111.2919725,218.2942794,319.2095879
518,1632.30984,0.959265222,0.920303876,0.846838777,0.008753657,0.053799868,0.000202464,111.2592718,218.2226887,319.0544181
519,1633.097739,0.959241606,0.92025863,0.84675544,0.008753442,0.053797223,0.000202444,111.231914,218.1627966,318.9246115
520,1634.146486,0.959224476,0.920225813,0.846694996,0.008753285,0.053795304,0.00020243,111.21207,218.1193549,318.8304627
521,1635.484073,0.959214511,0.920206722,0.846659837,0.008753194,0.053794188,0.000202421,111.2005264,218.0940844,318.7756967
522,1637.001063,0.959209029,0.920196218,0.846640491,0.008753144,0.053793574,0.000202417,111.1941749,218.0801802,318.7455642
523,1638.563937,0.959204762,0.920188044,0.846625436,0.008753105,0.053793096,0.000202413,111.1892319,218.0693594,318.7221142
524,1640.039176,0.959198454,0.92017596,0.846603183,0.008753048,0.05379239,0.000202408,111.1819254,218.0533647,318.6874519
525,1641.295145,0.959186906,0.920153836,0.846562438,0.008752943,0.053791097,0.000202398,111.1685472,218.0240788,318.6239875
526,1642.284314,0.959168967,0.920119469,0.846499149,0.008752779,0.053789088,0.000202383,111.1477653,217.9785865,318.5254057
527,1643.075143,0.959146306,0.920076059,0.846419208,0.008752572,0.05378655,0.000202364,111.1215144,217.9211235,318.4008886
528,1643.744565,0.959120797,0.920027193,0.846329225,0.008752339,0.053783693,0.000202342,111.0919637,217.8564387,318.2607298
529,1644.36951,0.959094312,0.919976458,0.846235806,0.008752098,0.053780727,0.00020232,111.0612818,217.7892796,318.1152174
530,1645.02691,0.959068724,0.919927442,0.846145557,0.008751864,0.053777862,0.000202298,111.0316389,217.7243966,317.9746444
531,1645.791897,0.959045863,0.919883653,0.846064937,0.008751655,0.053775302,0.000202279,111.0051563,217.6664324,317.8490676
532,1646.686787,0.959026275,0.919846133,0.84599586,0.008751477,0.053773109,0.000202263,110.9824642,217.6167659,317.7414721
533,1647.673771,0.959009037,0.919813114,0.845935073,0.008751319,0.053771179,0.000202248,110.9624945,217.5730585,317.64679
534,1648.711771,0.958993146,0.919782678,0.845879043,0.008751174,0.053769399,0.000202235,110.9440862,217.5327694,317.5595159
535,1649.759714,0.958977602,0.919752906,0.845824237,0.008751033,0.053767659,0.000202222,110.9260794,217.4933597,317.4741492
536,1650.776524,0.958961404,0.919721882,0.845767129,0.008750885,0.053765845,0.000202208,110.9073151,217.4522927,317.3851958
537,1651.721126,0.958943553,0.919687691,0.845704194,0.008750722,0.053763846,0.000202193,110.8866353,217.4070344,317.2871673
538,1652.552893,0.95892306,0.919648442,0.84563195,0.008750535,0.053761552,0.000202176,110.8628951,217.3550794,317.1746382
539,1653.257123,0.958899567,0.919603448,0.845549136,0.00875032,0.053758922,0.000202156,110.8356796,217.2955201,317.0456452
540,1653.858727,0.958873679,0.919553869,0.845457887,0.008750084,0.053756023,0.000202134,110.8056898,217.229891,316.9035134
541,1654.385958,0.958846082,0.919501018,0.845360622,0.008749832,0.053752934,0.000202111,110.7737203,217.1599315,316.7520117
542,1654.867071,0.958817463,0.919446211,0.845259762,0.008749571,0.05374973,0.000202087,110.7405661,217.0873819,316.5949102
543,1655.330319,0.958788508,0.919390762,0.845157729,0.008749307,0.053746488,0.000202062,110.7070234,217.0139841,316.4359817
544,1655.803954,0.958759906,0.919335991,0.845056948,0.008749046,0.053743287,0.000202038,110.6738893,216.9414826,316.2790033
545,1656.316232,0.958732346,0.919283217,0.844959848,0.008748794,0.053740201,0.000202015,110.6419624,216.8716246,316.1277575
546,1656.895405,0.958706518,0.919233761,0.844868858,0.008748559,0.05373731,0.000201993,110.6120421,216.806159,315.9860292
547,1657.561462,0.958682911,0.919188559,0.844785698,0.008748343,0.053734668,0.000201973,110.5846946,216.7463244,315.8564982
548,1658.305085,0.958661298,0.919147177,0.844709569,0.008748146,0.053732249,0.000201955,110.5596574,216.6915457,315.7379181
549,1659.110464,0.958641294,0.919108875,0.844639111,0.008747964,0.05373001,0.000201938,110.5364835,216.6408449,315.6281702
550,1659.961787,0.958622512,0.919072914,0.844572961,0.008747792,0.053727907,0.000201923,110.5147255,216.5932428,315.5251339
551,1660.843244,0.958604566,0.919038554,0.844509759,0.008747628,0.053725899,0.000201907,110.4939359,216.5477601,315.4266889
552,1661.739024,0.958587069,0.919005056,0.844448143,0.008747469,0.05372394,0.000201893,110.473667,216.5034176,315.3307154
553,1662.633316,0.958569636,0.91897168,0.844386754,0.00874731,0.053721989,0.000201878,110.4534716,216.4592366,315.235095
554,1663.510308,0.95855188,0.918937686,0.844324233,0.008747148,0.053720002,0.000201863,110.4329025,216.4142389,315.1377104
555,1664.355599,0.95853345,0.918902403,0.844259342,0.008746979,0.053717939,0.000201848,110.4115526,216.3675339,315.0366348
556,1665.167335,0.958514301,0.918865743,0.844191922,0.008746805,0.053715796,0.000201831,110.3893693,216.3190067,314.9316199
557,1665.950259,0.958494548,0.918827928,0.84412238,0.008746624,0.053713586,0.000201815,110.3664864,216.2689501,314.8232996
558,1666.709169,0.958474308,0.918789181,0.844051127,0.00874644,0.053711321,0.000201798,110.343039,216.2176599,314.7123146
559,1667.448866,0.958453697,0.918749726,0.843978575,0.008746252,0.053709014,0.00020178,110.3191626,216.1654322,314.5993055
560,1668.174149,0.958432833,0.918709785,0.843905134,0.008746061,0.053706679,0.000201763,110.2949922,216.1125625,314.4849125
561,1668.888922,0.958411809,0.918669542,0.843831139,0.008745869,0.053704327,0.000201745,110.2706377,216.0592916,314.3696563
562,1669.59079,0.958390569,0.918628883,0.843756383,0.008745676,0.05370195,0.000201727,110.2460312,216.0054704,314.2532146
563,1670.274658,0.958368985,0.918587569,0.843680427,0.008745479,0.053699535,0.000201709,110.2210282,215.9507831,314.1349045
564,1670.935422,0.958346935,0.918545362,0.843602833,0.008745277,0.053697067,0.000201691,110.1954838,215.8949132,314.0140414
565,1671.567976,0.958324292,0.918502023,0.843523159,0.008745071,0.053694534,0.000201672,110.1692533,215.8375437,313.8899403
566,1672.167216,0.958300932,0.918457311,0.843440967,0.008744858,0.05369192,0.000201652,110.1421916,215.7783578,313.7619158
567,1672.728035,0.958276728,0.918410987,0.843355815,0.008744637,0.053689212,0.000201632,110.1141534,215.7170377,313.6292815
568,1673.246698,0.95825159,0.918362874,0.84326738,0.008744407,0.053686399,0.00020161,110.085032,215.6533502,313.4915337
569,1673.733445,0.958225766,0.91831345,0.84317654,0.008744172,0.05368351,0.000201589,110.0551158,215.5879265,313.3500382
570,1674.206692,0.958199705,0.918263574,0.843084873,0.008743934,0.053680594,0.000201567,110.0249252,215.5219044,313.2072561
571,1674.684959,0.958173859,0.918214111,0.842993971,0.008743698,0.053677703,0.000201545,109.994984,215.4564293,313.0656648
572,1675.186764,0.958148681,0.918165927,0.842905425,0.008743468,0.053674886,0.000201524,109.9658165,215.3926479,312.9277437
573,1675.730628,0.958124624,0.918119891,0.842820828,0.008743249,0.053672195,0.000201504,109.9379479,215.3317085,312.7959745
574,1676.33507,0.958102142,0.918076869,0.842741775,0.008743044,0.05366968,0.000201485,109.9119035,215.2747594,312.6728397
575,1677.018609,0.958081688,0.918037729,0.842669859,0.008742857,0.053667392,0.000201468,109.8882088,215.2229491,312.5608212
576,1677.799281,0.958063703,0.918003315,0.84260663,0.008742693,0.05366538,0.000201452,109.867375,215.1773954,312.4623337
577,1678.676835,0.958048182,0.917973615,0.842552062,0.008742551,0.053663644,0.000201439,109.8493942,215.1380807,312.3773381
578,1679.627555,0.958034542,0.917947515,0.842504111,0.008742427,0.053662118,0.000201428,109.8335931,215.1035323,312.302649
579,1680.626184,0.958022165,0.917923832,0.8424606,0.008742314,0.053660733,0.000201417,109.8192544,215.0721818,312.2348754
580,1681.647466,0.958010431,0.91790138,0.842419354,0.008742207,0.053659421,0.000201408,109.8056616,215.0424625,312.1706296
581,1682.666145,0.957998723,0.917878979,0.842378201,0.0087421,0.053658111,0.000201398,109.7920989,215.0128094,312.1065286
582,1683.656965,0.957986425,0.917855447,0.842334972,0.008741988,0.053656736,0.000201387,109.7778515,214.9816597,312.0391939
583,1684.594817,0.957972922,0.917829612,0.842287513,0.008741864,0.053655225,0.000201376,109.7622096,214.9474615,311.9652716
584,1685.466651,0.957957898,0.917800866,0.842234709,0.008741727,0.053653545,0.000201363,109.7448048,214.9094097,311.8830218
585,1686.28025,0.957941543,0.917769573,0.842177228,0.008741578,0.053651716,0.00020135,109.7258578,214.867987,311.7934886
586,1687.045466,0.957924096,0.917736194,0.842115918,0.008741419,0.053649764,0.000201335,109.7056474,214.8238029,311.6979902
587,1687.77215,0.9579058,0.91770119,0.842051623,0.008741252,0.053647718,0.00020132,109.6844521,214.7774663,311.5978432
588,1688.470155,0.957886894,0.917665018,0.841985188,0.008741079,0.053645603,0.000201304,109.6625501,214.7295857,311.4943631
589,1689.149263,0.957867616,0.917628137,0.841917452,0.008740904,0.053643447,0.000201288,109.6402176,214.6807652,311.3888558
590,1689.815935,0.957848124,0.917590846,0.841848967,0.008740726,0.053641267,0.000201271,109.617637,214.6314032,311.2821828
591,1690.471912,0.95782846,0.917553228,0.841779883,0.008740546,0.053639068,0.000201255,109.5948573,214.5816068,311.1745754
592,1691.118576,0.957808657,0.917515345,0.841710316,0.008740365,0.053636854,0.000201238,109.5719171,214.5314607,311.0662166
593,1691.757309,0.95778875,0.917477262,0.841640384,0.008740184,0.053634627,0.000201221,109.5488551,214.4810495,310.9572896
594,1692.389492,0.95776877,0.917439043,0.841570205,0.008740001,0.053632393,0.000201205,109.5257101,214.4304578,310.8479772
595,1693.016508,0.957748753,0.917400751,0.841499897,0.008739819,0.053630155,0.000201188,109.5025209,214.3797706,310.7384629
596,1693.639743,0.957728731,0.917362451,0.841429576,0.008739636,0.053627916,0.000201171,109.4793263,214.3290727,310.6289302
597,1694.261324,0.957708756,0.917324243,0.841359426,0.008739454,0.053625682,0.000201154,109.4561863,214.2784951,310.5196618
598,1694.884794,0.957688914,0.91728629,0.841289747,0.008739273,0.053623463,0.000201138,109.4332008,214.2282562,310.4111298
599,1695.513859,0.957669296,0.917248766,0.841220859,0.008739094,0.05362127,0.000201121,109.4104744,214.1785847,310.3038279
600,1696.152225,0.957649992,0.917211843,0.841153078,0.008738918,0.053619111,0.000201105,109.3881118,214.1297092,310.1982499
601,1696.803595,0.957631093,0.917175694,0.84108672,0.008738745,0.053616998,0.000201089,109.3662175,214.0818583,310.0948893
602,1697.471677,0.957612688,0.917140492,0.841022102,0.008738577,0.05361494,0.000201074,109.3448963,214.0352608,309.9942399
603,1698.160173,0.957594868,0.917106409,0.840959542,0.008738415,0.053612948,0.000201059,109.3242527,213.9901451,309.8967949
604,1698.872107,0.957577706,0.917073587,0.840899297,0.008738258,0.053611029,0.000201044,109.304372,213.9466975,309.8029564
605,1699.608699,0.957561233,0.917042081,0.840841471,0.008738108,0.053609187,0.00020103,109.2852885,213.9049928,309.7128851
606,1700.37088,0.95754547,0.917011935,0.840786142,0.008737964,0.053607425,0.000201017,109.2670281,213.8650874,309.626703
607,1701.159576,0.95753044,0.91698319,0.840733387,0.008737827,0.053605745,0.000201005,109.2496164,213.8270375,309.5445307
608,1701.975716,0.957516164,0.916955889,0.840683284,0.008737696,0.053604149,0.000200993,109.2330792,213.7908992,309.4664891
609,1702.82023,0.957502666,0.916930075,0.84063591,0.008737573,0.05360264,0.000200981,109.2174422,213.7567285,309.3926987
610,1703.694044,0.957489967,0.916905789,0.840591342,0.008737457,0.05360122,0.000200971,109.2027308,213.7245809,309.323279
611,1704.598087,0.957478089,0.916883074,0.840549657,0.008737349,0.053599892,0.000200961,109.1889704,213.6945118,309.2583493
612,1705.533289,0.957467053,0.91686197,0.840510931,0.008737248,0.053598658,0.000200951,109.1761863,213.6665765,309.1980285
613,1706.500576,0.957456882,0.91684252,0.840475239,0.008737155,0.053597521,0.000200943,109.1644035,213.6408296,309.1424345
614,1707.500878,0.957447597,0.916824764,0.840442658,0.008737071,0.053596483,0.000200935,109.1536472,213.6173257,309.0916849