fraction remaining,fraction lost,time (Myr),log10mantle ST,34R,d34 mantle,34R space,d34 space,34R space total,d34 space total,33R,d33 mantle,33R space,d33 space,33R space total,d33 space total,36R,d36 mantle,36R space,d36 space,36R space total,d36 space total,D33 mantle,D33S space,D33S total space,D36 mantle,D36 space,D36 total space,log10space
1,0,0.00E+00,21.91445188,0.044162589,0,0.040489163,-83.17959401,0.040489163,-83.17959401,0.007877241,0,0.007542028,-42.55468192,0.007542028,-42.55468192,0.000153492,0,0.000129,-159.5653381,0.000129,-159.5653381,0,0.282808994,0.282808994,0,-1.524109424,-1.524109424,
0.99,0.01,4.62E+01,21.91008707,0.044199524,0.836332387,0.040523025,-82.41282742,0.040506094,-82.79621072,0.007880611,0.427780317,0.007545254,-42.14510566,0.007543641,-42.34989379,0.000153738,1.604971829,0.000129207,-158.2164641,0.000129103,-158.8909011,-0.002930862,0.297500458,0.290154726,0.015940293,-1.632092005,-1.578100715,19.91445188
0.98,0.02,9.23E+01,21.90567795,0.044236865,1.681865745,0.04055726,-81.63762518,0.040523149,-82.41001554,0.007884016,0.860089449,0.007548514,-41.73119331,0.007545265,-42.1436603,0.000153988,3.228853376,0.000129416,-156.8516978,0.000129208,-158.2111666,-0.00607141,0.31218366,0.297497704,0.03330846,-1.740209916,-1.632137115,20.21548187
0.97,0.03,1.38E+02,21.90122361,0.04427462,2.53679675,0.040591876,-80.85380699,0.040540331,-82.0209634,0.007887458,1.297022293,0.00755181,-41.312854,0.007546901,-41.93595872,0.00015424,4.872063833,0.000129628,-155.4706867,0.000129313,-157.5260467,-0.009428033,0.326856598,0.304837427,0.052150008,-1.848453454,-1.6862162,20.39157313
0.96,0.04,1.85E+02,21.89672311,0.0443128,3.401328365,0.04062688,-80.06118676,0.040557641,-81.62900807,0.007890937,1.738676741,0.007555141,-40.88999402,0.007548549,-41.72676578,0.000154495,6.535036128,0.000129843,-154.0730672,0.000129419,-156.8354508,-0.013007367,0.341517164,0.312173375,0.072512234,-1.956812325,-1.740335425,20.51651187
0.95,0.05,2.31E+02,21.89217548,0.044351414,4.275670109,0.040662281,-79.25957241,0.040575081,-81.23410213,0.007894454,2.185153804,0.007558508,-40.46251664,0.007550209,-41.51605759,0.000154753,8.218217524,0.00013006,-152.6584632,0.000129526,-156.1392862,-0.016816302,0.356163146,0.319505003,0.094444318,-2.065275606,-1.794492122,20.61342188
0.94,0.06,2.77E+02,21.88757973,0.04439047,5.160038338,0.040698088,-78.44876557,0.040592653,-80.83619691,0.00789801,2.636557745,0.007561913,-40.03032205,0.007551881,-41.30380966,0.000155015,9.922070253,0.00013028,-151.2264863,0.000129634,-155.4374576,-0.020861999,0.370792215,0.326831748,0.117997411,-2.173831709,-1.848683491,20.69260313
0.93,0.07,3.23E+02,21.88293483,0.044429978,6.054656549,0.040734311,-77.62856134,0.04061036,-80.43524246,0.007901605,3.092996223,0.007565355,-39.59330717,0.007553565,-41.08999685,0.00015528,11.64707218,0.000130502,-149.7767349,0.000129742,-154.7298673,-0.0251519,0.385401919,0.334153019,0.143224736,-2.282468338,-1.902906597,20.75954992
0.92,0.08,3.69E+02,21.8782397,0.04446995,6.95975569,0.040770957,-76.79874798,0.040628205,-80.03118752,0.007905241,3.554580437,0.007568836,-39.15136553,0.007555262,-40.87459337,0.000155548,13.3937175,0.000130728,-148.3087936,0.000129852,-154.0164146,-0.029693744,0.399989682,0.341468204,0.170181694,-2.391172452,-1.957158359,20.81754186
0.91,0.09,4.15E+02,21.87349327,0.044510395,7.875574496,0.040808038,-75.95910661,0.040646188,-79.62397943,0.007908919,4.021425285,0.007572357,-38.70438711,0.007556972,-40.65757274,0.000155819,15.16251751,0.000130956,-146.8222328,0.000129962,-153.2969965,-0.03449558,0.414552791,0.348776663,0.19892597,-2.499930217,-2.011435545,20.86869439
0.9,0.1,4.62E+02,21.86869439,0.044551324,8.802359837,0.040845563,-75.10941089,0.040664313,-79.21356411,0.007912639,4.493649529,0.007575919,-38.25225822,0.007558694,-40.43890779,0.000156094,16.95400135,0.000131187,-145.3166077,0.000130073,-152.5715066,-0.039565787,0.42908839,0.356077729,0.229517658,-2.608726959,-2.065734764,20.91445188
0.89,0.11,5.08E+02,21.86384188,0.044592749,9.740367095,0.040883542,-74.2494267,0.040682582,-78.79988599,0.007916402,4.971375971,0.007579522,-37.79486128,0.00756043,-40.21857058,0.000156373,18.76871686,0.000131421,-143.7914578,0.000130186,-151.8398358,-0.044913084,0.443593475,0.363370708,0.262019382,-2.71754711,-2.12005246,20.95584456
0.88,0.12,5.54E+02,21.85893455,0.044634681,10.68986055,0.040921986,-73.37891172,0.040700998,-78.38288797,0.007920209,5.454731633,0.007583167,-37.33207466,0.007562179,-39.99653243,0.000156655,20.60723148,0.000131658,-142.2463064,0.000130299,-151.101872,-0.050546552,0.458064877,0.370654875,0.296496429,-2.826374156,-2.174384898,20.99363312
0.87,0.13,6.00E+02,21.85397113,0.044677132,11.65111381,0.040960907,-72.49761512,0.040719563,-77.96251134,0.007924062,5.943847957,0.007586856,-36.86377253,0.007563941,-39.77276386,0.000156941,22.47013313,0.000131899,-140.6806593,0.000130413,-150.3574997,-0.056475653,0.472499263,0.377929474,0.333016894,-2.935190578,-2.228728161,21.02839523
0.86,0.14,6.46E+02,21.84895033,0.044720116,12.62441021,0.041000315,-71.60527712,0.040738279,-77.53869572,0.007927962,6.43886101,0.00759059,-36.3898246,0.007565718,-39.54723458,0.000157231,24.35803124,0.000132142,-139.0940043,0.000130529,-149.6066,-0.062710251,0.486893119,0.385193717,0.371651828,-3.043977784,-2.283078136,21.06057991
0.85,0.15,6.92E+02,21.8438708,0.044763644,13.61004336,0.041040222,-70.70162854,0.040757151,-77.11137902,0.007931908,6.939911701,0.007594369,-35.91009596,0.007567509,-39.31991342,0.000157524,26.27155778,0.000132389,-137.4858103,0.000130645,-148.8490506,-0.069260628,0.50124274,0.392446781,0.412475401,-3.152716048,-2.337430505,21.09054314
0.84,0.16,7.39E+02,21.83873116,0.04480773,14.60831753,0.041080641,-69.78639041,0.04077618,-76.68049734,0.007935904,7.447146016,0.007598194,-35.42444684,0.007569314,-39.09076832,0.000157822,28.21136838,0.000132639,-135.8555262,0.000130762,-148.0847257,-0.076137512,0.515544222,0.399687807,0.455565072,-3.261384434,-2.391780736,21.11857186
0.83,0.17,7.85E+02,21.83352997,0.044852389,15.61954827,0.041121585,-68.85927343,0.040795369,-76.2459849,0.00793995,7.960715259,0.007602068,-34.93273237,0.007571133,-38.85976633,0.000158124,30.17814349,0.000132893,-134.2025802,0.000130881,-147.3134954,-0.083352101,0.529793445,0.406915898,0.501001774,-3.369960719,-2.446124068,21.1449008
0.82,0.18,8.31E+02,21.82826573,0.044897634,16.64406292,0.041163067,-67.91997749,0.040814721,-75.80777398,0.007944046,8.48077632,0.00760599,-34.43480234,0.007572968,-38.62687348,0.00015843,32.17258967,0.00013315,-132.5263785,0.000131,-146.5352261,-0.090916086,0.543986064,0.414130117,0.548870109,-3.478421307,-2.500455502,21.16972438
0.81,0.19,8.77E+02,21.8229369,0.044943481,17.68220121,0.0412051,-66.96819112,0.04083424,-75.36579484,0.007948195,9.007491944,0.007609962,-33.93050093,0.007574818,-38.39205486,0.000158741,34.19544086,0.000133411,-130.8263043,0.000131121,-145.74978,-0.09884168,0.558117493,0.421329486,0.599258555,-3.586741145,-2.554769784,21.19320548
0.8,0.2,9.23E+02,21.81754186,0.044989945,18.73431589,0.0412477,-66.00359092,0.040853929,-74.91997561,0.007952398,9.541031031,0.007613986,-33.41966643,0.007576683,-38.15527446,0.000159056,36.24745988,0.000133676,-129.1017164,0.000131242,-144.957015,-0.10714165,0.57218289,0.428512981,0.652259693,-3.69489362,-2.609061395,21.21548187
0.79,0.21,9.69E+02,21.81207897,0.045037042,19.80077338,0.04129088,-65.02584093,0.04087379,-74.47024221,0.007956656,10.08156895,0.007618063,-32.90213094,0.007578564,-37.9164952,0.000159375,38.32943986,0.000133944,-127.3519482,0.000131365,-144.1567847,-0.115829344,0.58617714,0.435679534,0.707970443,-3.802850458,-2.663324535,21.23667117
0.78,0.22,1.02E+03,21.80654648,0.04508479,20.88195453,0.041334656,-64.03459199,0.040893828,-74.01651829,0.007960971,10.62928785,0.007622194,-32.37772003,0.007580461,-37.67567889,0.000159699,40.44220593,0.000134217,-125.5763064,0.000131489,-143.3489379,-0.124918728,0.60009484,0.442828025,0.766492323,-3.910581612,-2.717553103,21.25687456
0.77,0.23,1.06E+03,21.8009426,0.045133206,21.97825533,0.041379044,-63.02948104,0.040914045,-73.55872507,0.007965343,11.18437707,0.00762638,-31.84625246,0.007582374,-37.43278612,0.000160029,42.58661685,0.000134494,-123.7740691,0.000131614,-142.5333183,-0.134424421,0.613930277,0.449957286,0.827931719,-4.018055143,-2.771740688,21.27617971
0.76,0.24,1.11E+03,21.79526547,0.045182307,23.09008775,0.041424061,-62.01013039,0.040934446,-73.09678128,0.007969775,11.74703346,0.007630624,-31.30753974,0.007584304,-37.18777627,0.000160363,44.76356691,0.000134774,-121.9444848,0.000131741,-141.709765,-0.144361736,0.627677411,0.457066091,0.892400188,-4.125237086,-2.825880544,21.29466312
0.75,0.25,1.15E+03,21.78951314,0.045232113,24.21788058,0.041469724,-60.97614691,0.040955034,-72.63060304,0.007974269,12.31746178,0.007634926,-30.76138581,0.007586251,-36.94060741,0.000160702,46.97398787,0.00013506,-120.0867704,0.000131868,-140.8781113,-0.154746716,0.641329849,0.464153159,0.960014765,-4.232091312,-2.879965574,21.31239189
0.74,0.26,1.20E+03,21.7836836,0.045282644,25.36208039,0.041516052,-59.92712117,0.040975812,-72.16010371,0.007978825,12.89587521,0.007639289,-30.20758658,0.007588215,-36.69123626,0.000161047,49.21885105,0.000135349,-118.2001096,0.000131997,-140.0381854,-0.165596186,0.654880828,0.471217146,1.030898309,-4.338579376,-2.933988307,21.32942522
0.73,0.27,1.25E+03,21.77777474,0.04533392,26.52315247,0.041563063,-58.8626266,0.040996785,-71.68519381,0.007983446,13.48249572,0.007643713,-29.64592952,0.007590197,-36.43961817,0.000161397,51.49916956,0.000135643,-116.2836509,0.000132127,-139.1898091,-0.176927797,0.668323183,0.478256648,1.105179869,-4.444660352,-2.98794088,21.34581564
0.72,0.28,1.29E+03,21.77178437,0.045385963,27.70158191,0.041610777,-57.78221844,0.041017957,-71.20578087,0.007988133,14.07755461,0.007648201,-29.07619317,0.007592198,-36.18570696,0.000161752,53.81600071,0.000135942,-114.3365057,0.000132259,-138.3327987,-0.188760075,0.681649324,0.485270188,1.182995075,-4.550290655,-3.04181501,21.36160991
0.71,0.29,1.34E+03,21.76571023,0.045438794,28.89787476,0.041659214,-56.68543274,0.041039333,-70.72176926,0.007992889,14.68129302,0.007652754,-28.49814666,0.007594216,-35.92945495,0.000162114,56.17044861,0.000136246,-112.3577461,0.000132392,-137.4669636,-0.201112484,0.694851203,0.492256222,1.264486564,-4.655423849,-3.095601972,21.37684987
0.7,0.3,1.38E+03,21.75954992,0.045492438,30.11255918,0.041708395,-55.57178528,0.041060915,-70.2330601,0.007997715,15.2939625,0.007657375,-27.91154913,0.007596253,-35.67081283,0.000162481,58.56366689,0.000136555,-110.3464025,0.000132526,-136.5921068,-0.21400548,0.707920286,0.499213127,1.349804442,-4.760010437,-3.149292567,21.39157313
0.69,0.31,1.43E+03,21.75330097,0.045546918,31.34618681,0.041758344,-54.4407703,0.04108271,-69.73955105,0.008002614,15.91582563,0.007662065,-27.31614919,0.00759831,-35.40972959,0.000162854,60.9968617,0.000136869,-108.3014612,0.000132662,-135.7080241,-0.227460575,0.720847515,0.506139202,1.439106771,-4.863997635,-3.202877101,21.40581357
0.68,0.32,1.48E+03,21.74696079,0.04560226,32.59933409,0.041809083,-53.2918593,0.041104721,-69.24113615,0.008007587,16.54715665,0.007666827,-26.71168427,0.007600386,-35.14615246,0.000163234,63.47129489,0.000137188,-106.2218618,0.000132799,-134.814504,-0.241500413,0.733623271,0.513032659,1.532560113,-4.967329125,-3.256345344,21.41960185
0.67,0.33,1.52E+03,21.74052668,0.045658491,33.87260386,0.041860636,-52.12449959,0.041126954,-68.73770566,0.008012637,17.18824215,0.007671662,-26.09787995,0.007602483,-34.88002679,0.000163621,65.98828745,0.000137512,-104.106494,0.000132938,-133.9113273,-0.256148841,0.746237336,0.51989162,1.630340103,-5.069944784,-3.309686504,21.43296582
0.66,0.34,1.57E+03,21.73399581,0.045715638,35.1666269,0.04191303,-50.93811286,0.041149413,-68.22914586,0.008017766,17.83938187,0.007676573,-25.47444928,0.0076046,-34.61129601,0.000164014,68.54922319,0.000137843,-101.9541948,0.000133078,-132.9982663,-0.271430989,0.758678845,0.526714112,1.73263208,-5.171780394,-3.362889186,21.44593079
0.65,0.35,1.62E+03,21.72736523,0.045773731,36.4820637,0.041966291,-49.73209356,0.041172104,-67.71533886,0.008022977,18.50088944,0.007681562,-24.84109195,0.007606737,-34.33990145,0.000164414,71.1555528,0.000138179,-99.76374508,0.000133219,-132.0750852,-0.287373364,0.770936237,0.53349806,1.839631766,-5.272767325,-3.415941357,21.45851992
0.64,0.36,1.66E+03,21.72063185,0.045832801,37.81960636,0.042020447,-48.50580715,0.041195032,-67.19616232,0.008028272,19.17309334,0.007686632,-24.19749348,0.007608897,-34.06578232,0.000164821,73.8087981,0.000138521,-97.53386577,0.000133363,-131.1415387,-0.304003942,0.782997208,0.54024128,1.951546009,-5.372832179,-3.468830298,21.47075438
0.63,0.37,1.71E+03,21.71379243,0.045892878,39.1799806,0.042075527,-47.25858829,0.041218203,-66.67148932,0.008033654,19.85633774,0.007691785,-23.54332432,0.007611078,-33.78887553,0.000165236,76.51055673,0.00013887,-95.26321417,0.000133508,-130.1973723,-0.321352274,0.794848647,0.546941474,2.068593583,-5.471896418,-3.521542564,21.4826536
0.62,0.38,1.75E+03,21.70684357,0.045953998,40.56394797,0.042131563,-45.98973877,0.041241623,-66.14118803,0.008039126,20.55098361,0.007697024,-22.87823889,0.007613282,-33.50911561,0.000165658,79.2625072,0.000139225,-92.9503796,0.000133654,-129.2423212,-0.339449598,0.806476578,0.55359622,2.191006063,-5.569875943,-3.574063933,21.49423547
0.61,0.39,1.80E+03,21.69978171,0.046016195,41.97230822,0.042188586,-44.69852535,0.041265297,-65.60512146,0.008044691,21.25740977,0.007702352,-22.20187447,0.007615508,-33.22643458,0.000166088,82.0664144,0.000139587,-90.59387881,0.000133803,-128.2761101,-0.358328966,0.817866089,0.560202967,2.319028788,-5.666680634,-3.626379351,21.50551648
0.6,0.4,1.85E+03,21.69260313,0.046079506,43.40590189,0.042246631,-43.38417742,0.041289232,-65.06314721,0.008050351,21.9760141,0.007707771,-21.51385011,0.007617759,-32.94076179,0.000166527,84.92413549,0.000139955,-88.19215095,0.000133953,-127.2984526,-0.378025375,0.829001258,0.566759023,2.452921891,-5.762213857,-3.678472875,21.51651187
0.59,0.41,1.89E+03,21.68530389,0.046143971,44.86561313,0.042305734,-42.04588437,0.041313434,-64.51511715,0.008056111,22.70721485,0.007713286,-20.81376538,0.007620033,-32.65202378,0.000166974,87.8376264,0.000140331,-85.7435522,0.000134105,-126.3090502,-0.398575915,0.839865069,0.573261548,2.592961448,-5.856371904,-3.730327614,21.52723573
0.58,0.42,1.94E+03,21.67787987,0.04620963,46.3523727,0.042365932,-40.68279285,0.041337911,-63.96087705,0.008061974,23.45145201,0.007718899,-20.101199,0.007622332,-32.36014414,0.00016743,90.80894886,0.000140714,-83.24634982,0.000134258,-125.307592,-0.420019933,0.850439325,0.579707542,2.739440721,-5.949043394,-3.781925655,21.53770117
0.57,0.43,1.98E+03,21.67032673,0.046276527,47.86716132,0.042427264,-39.29400374,0.041362669,-63.40026629,0.008067943,24.20918888,0.007724614,-19.37570738,0.007624657,-32.0650433,0.000167896,93.84027803,0.000141105,-80.6987157,0.000134414,-124.2937539,-0.442399205,0.860704546,0.586093838,2.892671525,-6.040108601,-3.833247995,21.54792033
0.56,0.44,2.03E+03,21.6626399,0.046344707,49.41101327,0.042489773,-37.87856877,0.041387716,-62.83311746,0.008074022,24.9809137,0.007730434,-18.63682306,0.007627008,-31.76663841,0.000168371,96.93391093,0.000141504,-78.09871938,0.000134571,-123.2671976,-0.46575813,0.87063986,0.592417083,3.052985728,-6.129438718,-3.884274455,21.55790455
0.55,0.45,2.08E+03,21.65481457,0.046414219,50.98502032,0.042553504,-36.43548698,0.041413059,-62.25925592,0.008080215,25.76714152,0.007736364,-17.88405291,0.007629385,-31.46484307,0.000168855,100.0922755,0.000141912,-75.44432031,0.000134731,-122.2275699,-0.490143945,0.880222883,0.598673731,3.220736907,-6.216895044,-3.934983599,21.56766439
0.54,0.46,2.12E+03,21.64684564,0.046485114,52.5903361,0.042618501,-34.96370072,0.041438707,-61.67849943,0.008086527,26.56841614,0.007742407,-17.11687629,0.00763179,-31.15956718,0.00016935,103.3179407,0.000142328,-72.73335945,0.000134893,-121.1745015,-0.515606956,0.889429586,0.604860026,3.396302159,-6.302328077,-3.98535263,21.57720971
0.53,0.47,2.17E+03,21.63872775,0.046557446,54.22818074,0.042684816,-33.46209134,0.041464667,-61.0906576,0.008092962,27.38531228,0.007748568,-16.33474289,0.007634223,-30.85071668,0.000169856,106.6136275,0.000142753,-69.96355006,0.000135056,-120.1076067,-0.542200795,0.898234146,0.610971986,3.580084113,-6.385576516,-4.035357294,21.58654973
0.52,0.48,2.22E+03,21.63045522,0.046631271,55.8998461,0.042752501,-31.92947442,0.04149095,-60.49553141,0.008099525,28.21843804,0.007754852,-15.53707054,0.007636684,-30.53819328,0.000170373,109.9822207,0.000143188,-67.13246755,0.000135222,-119.0264814,-0.569982704,0.906608784,0.61700539,3.772513144,-6.466466153,-4.084971761,21.59569311
0.51,0.49,2.26E+03,21.62202205,0.04670665,57.60670146,0.04282161,-30.3645946,0.041517563,-59.89291267,0.00810622,29.0684374,0.007761263,-14.72324263,0.007639176,-30.22189427,0.000170902,113.4267826,0.000143632,-64.23753836,0.000135391,-117.9307026,-0.599013852,0.914523586,0.622955754,3.974049831,-6.544808627,-4.134168498,21.60464796
0.5,0.5,2.31E+03,21.61342188,0.046783647,59.35019978,0.042892203,-28.76611976,0.041544517,-59.2825834,0.008113054,29.93599321,0.007767806,-13.89260538,0.007641698,-29.90171214,0.000171443,116.9505673,0.000144087,-61.2760276,0.000135561,-116.8198266,-0.629359676,0.921946293,0.628818314,4.185187679,-6.620400053,-4.182918137,21.61342188
0.49,0.51,2.35E+03,21.60464796,0.046862331,61.13188459,0.042964342,-27.13263477,0.041571821,-58.66431516,0.008120032,30.82183029,0.007774487,-13.04446482,0.007644252,-29.5775343,0.000171996,120.5570369,0.000144552,-58.24502553,0.000135734,-115.6933881,-0.661090274,0.928842087,0.634588002,4.406456144,-6.693019473,-4.231189316,21.62202205
0.48,0.52,2.40E+03,21.59569311,0.046942774,62.95339766,0.043038093,-25.46263442,0.041599486,-58.03786835,0.00812716,31.72671896,0.007781311,-12.17808339,0.007646838,-29.24924278,0.000172563,124.2498796,0.000145028,-55.14143253,0.000135909,-114.5508984,-0.694280829,0.935173331,0.640259423,4.638424011,-6.762427136,-4.27894852,21.63045522
0.47,0.53,2.45E+03,21.58654973,0.047025053,64.81648742,0.043113528,-23.7545157,0.041627524,-57.40299145,0.008134445,32.65147893,0.007788286,-11.29267629,0.007649457,-28.91671377,0.000173144,128.0330292,0.000145516,-51.9619424,0.000136087,-113.3918436,-0.729012093,0.940899293,0.645826828,4.881703152,-6.828362559,-4.326159891,21.63872775
0.46,0.54,2.49E+03,21.57720971,0.04710925,66.72301836,0.043190722,-22.00656924,0.041655946,-56.75942014,0.008141893,33.59698354,0.007795417,-10.38740733,0.007652111,-28.57981729,0.000173739,131.9106876,0.000146016,-48.7030239,0.000136268,-112.2156833,-0.765370912,0.945975827,0.651284083,5.13695274,-6.890542348,-4.372785027,21.64684564
0.45,0.55,2.54E+03,21.56766439,0.047195454,68.67498143,0.043269755,-20.21696966,0.041684764,-56.10687638,0.008149511,34.5641646,0.007802711,-9.461384354,0.0076548,-28.2384167,0.00017435,135.8873487,0.000146529,-45.3609001,0.000136451,-111.0218479,-0.803450836,0.950355021,0.656624635,5.404883964,-6.948657748,-4.418782754,21.65481457
0.44,0.56,2.58E+03,21.55790455,0.047283758,70.67450569,0.043350714,-18.38376502,0.041713991,-55.44506741,0.008157309,35.55401765,0.007810177,-8.513654185,0.007657526,-27.89236823,0.000174976,139.9678261,0.000147056,-41.93152541,0.000136637,-109.809737,-0.843352778,0.953984799,0.66184148,5.686265336,-7.002371871,-4.464108879,21.6626399
0.43,0.57,2.63E+03,21.54792033,0.047374263,72.72387126,0.043433691,-16.50486484,0.041743641,-54.7736846,0.008165293,36.56760792,0.007817821,-7.543196929,0.00766029,-27.54152045,0.000175619,144.1572841,0.000147596,-38.41055976,0.000136826,-108.5787167,-0.88518578,0.956808465,0.666927118,5.981928667,-7.051316556,-4.508715908,21.67032673
0.42,0.58,2.68E+03,21.53770117,0.047467078,74.82552387,0.043518786,-14.57802684,0.041773728,-54.09240227,0.008173473,37.60607694,0.007825654,-6.548919629,0.007663093,-27.18571366,0.00017628,148.4612712,0.000148151,-34.79333981,0.000137018,-107.328117,-0.929067856,0.958764195,0.671873509,6.292775814,-7.095088806,-4.552552737,21.67787987
0.41,0.59,2.72E+03,21.52723573,0.047562317,76.98209116,0.043606103,-12.60084194,0.041804268,-53.40087626,0.008181859,38.67064999,0.007833683,-5.529649142,0.007665936,-26.82477925,0.000176959,152.8857595,0.000148722,-31.07484643,0.000137213,-106.0572292,-0.975126956,0.959784459,0.676672025,6.619786325,-7.133246732,-4.595564303,21.68530389
0.4,0.6,2.77E+03,21.51651187,0.047660107,79.19640105,0.043695759,-10.57071745,0.041835276,-52.69874251,0.008190461,39.76264448,0.007841919,-4.484124132,0.007668821,-26.458539,0.000177657,157.4371881,0.000149309,-27.24966807,0.000137411,-104.765302,-1.023502062,0.959795355,0.681313391,6.964026124,-7.16530492,-4.637691199,21.69260313
0.39,0.61,2.82E+03,21.50551648,0.047760581,81.47150248,0.043787876,-8.484858037,0.04186677,-51.98561534,0.00819929,40.88347935,0.007850372,-3.410986031,0.007671749,-26.08680428,0.000178376,162.1225121,0.000149914,-23.3119594,0.000137613,-103.4515384,-1.074344424,0.958715858,0.685787624,7.326657397,-7.190729128,-4.67886923,21.69978171
0.38,0.62,2.86E+03,21.49423547,0.047863886,83.81068885,0.043882587,-6.340244241,0.041898767,-51.26108564,0.008208358,42.03468578,0.007859054,-2.308768829,0.007674722,-25.70937514,0.000179117,166.9492587,0.000150536,-19.25539425,0.000137818,-102.1150916,-1.127818978,0.956456956,0.690083963,7.708949899,-7.208930191,-4.719028928,21.70684357
0.37,0.63,2.91E+03,21.4826536,0.047970178,86.2175247,0.043980038,-4.133608013,0.041931287,-50.5247188,0.008217679,43.21791926,0.007867978,-1.175887475,0.007677742,-25.3260394,0.000179881,171.9255909,0.000151178,-15.07311222,0.000138027,-100.7550607,-1.184105966,0.952920652,0.694190786,8.112293915,-7.219257,-4.758094991,21.71379243
0.36,0.64,2.95E+03,21.47075438,0.048079629,88.69587611,0.044080385,-1.861404871,0.04196435,-49.77605244,0.008227266,44.4349734,0.007877157,-0.010624685,0.00768081,-24.93657148,0.000180669,177.0603798,0.000151841,-10.75765763,0.000138239,-99.37048529,-1.243402798,0.947998824,0.698095525,8.538215164,-7.220988379,-4.795985659,21.72063185
0.35,0.65,3.00E+03,21.45851992,0.048192423,91.24994536,0.044183797,0.480217939,0.041997978,-49.01459379,0.008237135,45.68779567,0.007886606,1.188884131,0.007683928,-24.54073124,0.000181483,182.3632882,0.000152525,-6.300909576,0.000138456,-97.9603402,-1.305926195,0.941571892,0.701784561,8.988392017,-7.213323661,-4.832611992,21.72736523
0.34,0.66,3.05E+03,21.44593079,0.048308763,93.88431086,0.04429046,2.895457985,0.042032194,-48.2398169,0.008247302,46.97850542,0.007896341,2.424668144,0.007687098,-24.1382626,0.000182325,187.8448661,0.000153232,-1.694001525,0.000138676,-96.52352918,-1.371914671,0.933507282,0.705243109,9.46467545,-7.195371695,-4.867877062,21.73399581
0.33,0.67,3.09E+03,21.43296582,0.048428871,96.60397301,0.044400577,5.38889974,0.042067023,-47.4511593,0.008257786,48.30941469,0.007906379,3.698940989,0.007690323,-23.72889195,0.000183195,193.516661,0.000153964,3.072771503,0.000138901,-95.0588777,-1.441631411,0.923657623,0.708455087,9.969112264,-7.166138003,-4.901675017,21.74052668
0.32,0.68,3.14E+03,21.41960185,0.048552987,99.41440733,0.044514369,7.965563277,0.042102492,-46.6480184,0.008268606,49.68305214,0.007916739,5.014123732,0.007693604,-23.31232651,0.000184097,199.3913462,0.000154721,8.010060553,0.00013913,-93.56512497,-1.51536764,0.911858645,0.711402965,10.50397223,-7.124509674,-4.933890012,21.74696079
0.31,0.69,3.18E+03,21.40581357,0.048681377,102.3216262,0.04463208,10.63096082,0.042138629,-45.82974727,0.008279785,51.10219092,0.007927442,6.372871517,0.007696945,-22.88825225,0.000185032,205.4828696,0.000155507,13.12958803,0.000139364,-92.04091478,-1.593446552,0.897926693,0.714067589,11.07177993,-7.069237536,-4.964394977,21.75330097
0.3,0.7,3.23E+03,21.39157313,0.048814334,105.3322506,0.044753977,13.39116276,0.042175465,-44.99564994,0.008291347,52.56988112,0.007938511,7.778104626,0.007700347,-22.45633173,0.000186003,211.8066286,0.000156323,18.44429422,0.000139603,-90.48478508,-1.67622795,0.881655803,0.716427987,11.67535239,-6.998915025,-4.993050189,21.75954992
0.29,0.71,3.28E+03,21.37684987,0.048952181,108.4535951,0.044880358,16.25287504,0.042213033,-44.14497598,0.008303317,54.08948773,0.007949972,9.233044857,0.007703814,-22.0162015,0.000187011,218.3796742,0.000157171,23.9685096,0.000139847,-88.89515599,-1.76411373,0.862814212,0.718461129,12.31784358,-6.91195297,-5.019701616,21.76571023
0.28,0.72,3.32E+03,21.36160991,0.049095275,111.6937665,0.04501155,19.22353038,0.042251368,-43.27691425,0.008315726,55.66473537,0.007961853,10.74125834,0.007707349,-21.56746918,0.000188062,225.2209541,0.000158053,29.71815833,0.000140097,-87.27031606,-1.857554399,0.841140197,0.720141664,13.00279761,-6.806549388,-5.044178983,21.77178437
0.27,0.73,3.37E+03,21.34581564,0.049244015,115.0617828,0.045147918,22.31139643,0.042290511,-42.39058573,0.008328605,57.29976127,0.007974184,12.30670623,0.007710955,-21.10971005,0.000189156,232.3515998,0.000158973,35.71100016,0.000140352,-85.60840638,-1.957056888,0.816337068,0.721441602,13.7342124,-6.68065306,-5.066293498,21.77777474
0.26,0.74,3.42E+03,21.32942522,0.049398846,118.5677129,0.04528987,25.52570467,0.042330502,-41.48503519,0.008341992,58.99917821,0.007987001,13.93380503,0.007714635,-20.64246318,0.000190299,239.7952711,0.000159934,41.96691954,0.000140613,-83.90740204,-2.063193933,0.788067124,0.722329942,14.51661656,-6.531919333,-5.085835175,21.7836836
0.25,0.75,3.46E+03,21.31239189,0.049560266,122.2228458,0.045437863,28.87680506,0.042371389,-40.5592215,0.008355926,60.76815011,0.008000343,15.62749888,0.007718395,-20.16522684,0.000191493,247.5785697,0.000160938,48.50827347,0.00014088,-82.16509052,-2.176615462,0.755944279,0.722772236,15.35516273,-6.357656147,-5.102569662,21.78951314
0.24,0.76,3.51E+03,21.29466312,0.049728837,126.0398942,0.045592413,32.37635292,0.04241322,-39.61200625,0.008370455,62.61248302,0.008014253,17.39334679,0.007722237,-19.67745315,0.000192745,255.7315407,0.000161989,55.36031291,0.000141154,-80.37904632,-2.298062476,0.71952504,0.722730065,16.2557418,-6.154757636,-5.116234441,21.79526547
0.23,0.77,3.55E+03,21.27617971,0.049905194,130.0332426,0.0457541,36.03753626,0.042456052,-38.64214032,0.008385628,64.53873582,0.008028781,19.23762852,0.007726167,-19.17854185,0.000194058,264.2882846,0.000163093,62.55169708,0.000141436,-78.54660089,-2.428384119,0.67829735,0.722160415,17.22512367,-5.919621808,-5.126534279,21.8009426
0.22,0.78,3.60E+03,21.25687456,0.050090059,134.2192515,0.045923588,39.87535463,0.042499945,-37.64824798,0.008401506,66.55435569,0.008043982,21.16747433,0.00773019,-18.66783279,0.000195439,273.2877101,0.000164254,70.11512616,0.000141725,-76.66480688,-2.56855883,0.631666694,0.721014924,18.27113222,-5.648047634,-5.133135714,21.80654648
0.21,0.79,3.65E+03,21.23667117,0.050284258,138.6166334,0.046101634,43.90696413,0.042544966,-36.62880783,0.008418154,68.66784541,0.008059922,23.19102517,0.007734312,-18.14459706,0.000196896,282.7744683,0.000165478,78.08812662,0.000142021,-74.73039521,-2.719720809,0.578938641,0.719238971,19.40286477,-5.335105225,-5.135660333,21.81207897
0.2,0.8,3.69E+03,21.21548187,0.050488744,143.2469231,0.046289111,48.15210813,0.04259119,-35.58212985,0.008435651,70.88897194,0.008076674,25.31763237,0.007738538,-17.60802633,0.000198434,292.8001238,0.000166771,86.51403504,0.000142327,-72.73972323,-2.883193428,0.519296679,0.716770548,20.63097003,-4.974970415,-5.133676506,21.81754186
0.19,0.81,3.74E+03,21.19320548,0.050704617,148.1350697,0.046487028,52.63366077,0.0426387,-34.50632753,0.008454084,73.22902905,0.008094323,27.55810909,0.007742877,-17.0572198,0.000200065,303.4246365,0.000168142,95.44324372,0.000142642,-70.68871144,-3.060531866,0.451773794,0.71353888,21.96800395,-4.560711744,-5.126689131,21.8229369
0.18,0.82,3.79E+03,21.16972438,0.050933164,153.3101939,0.046696564,57.37832015,0.04268759,-33.39928358,0.008473557,75.70117167,0.008112968,29.92505046,0.007747336,-16.49116835,0.000201799,314.7182589,0.000169599,104.9347955,0.000142967,-68.57276557,-3.253578165,0.375215584,0.709462696,23.42889056,-4.084012837,-5.114126766,21.82826573
0.17,0.83,3.83E+03,21.1449008,0.051175898,158.8065632,0.046919108,62.41750377,0.042737965,-32.25860754,0.008494193,78.32084685,0.008132726,32.4332462,0.007751924,-15.90873484,0.000203648,326.763997,0.000171152,115.0584513,0.000143302,-66.38667966,-3.464533219,0.28823176,0.704448042,25.03152682,-3.534805875,-5.095325327,21.83352997
0.16,0.84,3.88E+03,21.11857186,0.051434616,164.664872,0.047156306,67.78852082,0.042789946,-31.0815825,0.008516135,81.10635686,0.008153734,35.10021971,0.007756651,-15.30862949,0.000205627,339.6608444,0.000172816,125.8974089,0.000143649,-64.12451391,-3.696052247,0.18913149,0.698385494,26.79758757,-2.900780636,-5.069507154,21.83873116
0.15,0.85,3.92E+03,21.09054314,0.051711474,170.9339405,0.047410135,73.53613072,0.042843669,-29.86509746,0.008539556,84.07960593,0.008176158,37.94694312,0.007761529,-14.68937865,0.000207756,353.5281012,0.000174605,137.5519321,0.000144009,-61.77943895,-3.951373432,0.075835799,0.691146544,28.7536142,-2.166716226,-5.035753771,21.8438708
0.14,0.86,3.97E+03,21.06057991,0.052009089,177.6730137,0.047682994,79.71465052,0.042899293,-28.60556013,0.008564665,87.26710772,0.008200199,40.99880179,0.007766571,-14.04928462,0.000210055,368.5112396,0.000176538,150.1442811,0.000144383,-59.34353413,-4.234494325,-0.054243232,0.682578845,30.93251364,-1.313554935,-4.992969877,21.84895033
0.13,0.87,4.02E+03,21.02839523,0.052330678,184.9549301,0.047977833,86.39086011,0.042957004,-27.29878263,0.008591718,90.70137042,0.0082261,44.28692053,0.007771793,-13.3863732,0.000212554,384.7900313,0.000178638,163.8255418,0.000144772,-56.8075219,-4.550418596,-0.20437243,0.672499854,33.37566407,-0.317092385,-4.939834905,21.85397113
0.12,0.88,4.06E+03,20.99363312,0.052680253,192.8705868,0.048298331,93.64809571,0.043017019,-25.93982894,0.008621033,94.42284309,0.008254167,47.85002711,0.007777213,-12.69832376,0.000215286,402.5900567,0.000180934,178.7853002,0.000145179,-54.16041154,-4.905509128,-0.378742176,0.660688145,36.13594172,0.853918315,-4.874736554,21.85893455
0.11,0.89,4.11E+03,20.95584456,0.053062914,201.5353907,0.048649162,101.5921647,0.043079598,-24.52280679,0.008653013,98.48271964,0.008284787,51.73713691,0.007782853,-11.9823742,0.000218296,422.19943,0.000183464,195.2656972,0.000145604,-51.38901033,-5.308006551,-0.582827899,0.6468713,39.28218777,2.240584321,-4.795677434,21.86384188
0.1,0.9,4.15E+03,20.91445188,0.053485261,211.0988563,0.049036379,110.3601451,0.043145057,-23.04057655,0.00868818,102.9470969,0.008318457,56.01153405,0.007788739,-11.23518839,0.000221641,443.9938317,0.000186275,213.5824678,0.000146051,-48.47723585,-5.768814074,-0.823940704,0.630708531,42.90600464,3.898191986,-4.700140407,21.86869439
0.09,0.91,4.20E+03,20.86869439,0.053956058,221.7593843,0.049468015,120.1339347,0.043213785,-21.48433186,0.008727222,107.9033546,0.008355838,60.75687978,0.007794903,-10.45266591,0.000225399,468.475305,0.000189433,234.1575466,0.000146523,-45.40511865,-6.302728256,-1.112096588,0.611764997,47.13247494,5.903070643,-4.584888113,21.87349327
0.08,0.92,4.25E+03,20.81754186,0.054487271,233.7879649,0.049955042,131.1619829,0.043286272,-19.84297364,0.008771074,113.4703494,0.008397824,66.08697286,0.007801386,-9.629659042,0.000229675,496.3349401,0.000193027,257.5717496,0.000147023,-42.14730286,-6.930452496,-1.461448307,0.589472381,52.13780688,8.363982151,-4.445652949,21.8782397
0.07,0.93,4.29E+03,20.75954992,0.055095839,247.5681423,0.05051299,143.7959307,0.043363152,-18.10213423,0.008821057,119.8155285,0.00844568,72.16213485,0.00780824,-8.759533575,0.000234622,528.5594054,0.000197184,284.6543072,0.000147556,-38.67068999,-7.682064818,-1.892769479,0.563065553,58.17993501,11.44203876,-4.276634952,21.88293483
0.06,0.94,4.34E+03,20.69260313,0.055806837,263.6676945,0.051164847,158.5563287,0.043445275,-16.24257146,0.008879112,127.1854779,0.008501264,79.21845841,0.007815535,-7.833449449,0.000240464,566.6237595,0.000202094,316.6449097,0.00014813,-34.93052578,-8.603384762,-2.438050858,0.531474854,65.65513997,15.3878852,-4.069640003,21.88757973
0.05,0.95,4.39E+03,20.61342188,0.056659622,282.9778154,0.051946698,176.2602416,0.043533831,-14.23733383,0.008948269,135.9649137,0.008567479,87.62428816,0.007823368,-6.839098016,0.000247563,612.8697294,0.00020806,355.5116258,0.000148755,-30.86342003,-9.768661192,-3.149736258,0.493128905,75.21188012,20.61716677,-3.812485766,21.89217548
0.04,0.96,4.43E+03,20.51651187,0.057721101,307.0135271,0.052919883,198.2966725,0.043630595,-12.0462616,0.009033645,146.8031902,0.008649221,98.00134524,0.007831882,-5.758268704,0.000256536,671.3321602,0.000215602,404.645479,0.000149444,-26.37363757,-11.30877621,-4.121441103,0.445556018,88.00645875,27.88180127,-3.485740539,21.89672311
0.03,0.97,4.48E+03,20.39157313,0.059118984,338.6666246,0.054201491,227.3168782,0.043738461,-9.603780577,0.009144917,160.9288947,0.008755758,111.5259349,0.007841309,-4.561491116,0.000268587,749.8412968,0.000225729,470.6272787,0.000150222,-21.30219965,-13.48441696,-5.542257439,0.384455881,106.3747101,38.7252101,-3.055016552,21.90122361
0.025112347,0.974887653,4.50E+03,20.31433918,0.06,358.616,0.055009224,245.6068727,0.043800695,-8.194590678,0.009214386,169.7479346,0.008822271,119.9696833,0.007846697,-3.8774881,0.000276317,800.2073231,0.000232227,512.956633,0.00015068,-18.32128165,-14.93930543,-6.51785616,0.342726099,118.8369231,46.30357487,-2.751559359,21.90340645
0.02,0.98,4.52E+03,20.21548187,0.06114686,384.585041,0.056060689,269.4158194,0.043862928,-6.785400779,0.009304076,181.1338827,0.008908144,130.8711061,0.007852085,-3.193485084,0.000286538,866.7954044,0.000240817,568.9195646,0.000151137,-15.34036365,-16.92741337,-7.878040944,0.300996317,136.0838265,57.02950771,-2.448102166,21.90567795
0.01,0.99,4.57E+03,19.91445188,0.064775938,466.7604398,0.059387902,344.7559019,0.044018178,-3.269987752,0.009582603,216.4922986,0.009174818,164.7248558,0.007865313,-1.514301675,0.000320049,1085.118186,0.00026898,752.4055977,0.000152316,-7.662904033,-23.88932786,-12.82443367,0.169742017,198.2733503,97.36938405,-1.449927304,21.91008707
0.009,0.991,4.57E+03,19.86869439,0.06534612,479.671393,0.059910656,356.5929272,0.043637907,-11.88069495,0.009625664,221.9587887,0.009216047,169.9587211,0.007795875,-10.32919994,0.000325475,1120.469282,0.00027354,782.1158845,0.000151066,-15.80415911,-25.0719787,-13.68663642,-4.21064204,209.0936357,104.5893228,6.769161292,21.91052553
0.008,0.992,4.58E+03,19.81754186,0.065989471,494.2391932,0.060500494,369.9489838,0.043698407,-10.51074596,0.009674031,228.0988894,0.009262356,175.8375318,0.007805138,-9.153362406,0.00033165,1160.698424,0.00027873,815.9258493,0.000151345,-13.98823326,-26.43429509,-14.68619483,-3.740328235,221.6439566,113.0227801,5.982184072,21.91096355
0.007,0.993,4.58E+03,19.75954992,0.066726508,510.9283503,0.061176224,385.2499436,0.043759583,-9.12549602,0.009729159,235.0972862,0.009315138,182.5381141,0.007814453,-7.970824292,0.000338792,1207.230353,0.000284733,855.0328953,0.00015163,-12.13320036,-28.0308142,-15.86560687,-3.271193841,236.4664871,123.0580025,5.205242075,21.91140113
0.006,0.994,4.59E+03,19.69260313,0.067587596,530.4264996,0.061965688,403.1262446,0.043821549,-7.722369775,0.009793191,243.2259505,0.009376444,190.3208657,0.007823829,-6.780503426,0.000347229,1262.195045,0.000291823,901.2271281,0.000151921,-10.23197324,-29.94369672,-17.28915033,-2.803482992,254.3846961,135.2872632,4.440529338,21.91183826
0.005,0.995,4.59E+03,19.61342188,0.068620403,553.8129649,0.062912586,424.5674333,0.043884462,-6.297802342,0.009869468,252.9092038,0.009449476,199.5920512,0.007833279,-5.580911375,0.000357479,1328.97394,0.000300438,957.3504264,0.000152222,-8.274622809,-32.30447311,-19.06017698,-2.337543169,276.7293071,150.672303,3.691201641,21.91227496
0.004,0.996,4.60E+03,19.51651187,0.06990596,582.9225878,0.06409121,451.2557296,0.043948553,-4.846546612,0.009963633,264.8632494,0.009539634,211.0373962,0.007842819,-4.369873979,0.000370436,1413.39333,0.000311328,1028.299407,0.000152533,-6.246323401,-35.34188331,-21.35930459,-1.873902473,305.8404131,170.9135211,2.962115162,21.91271122
0.003,0.997,4.60E+03,19.39157313,0.071598934,621.257618,0.065643364,486.4020676,0.044014196,-3.360144545,0.010086359,280.4431542,0.009657138,225.954303,0.007852476,-3.143919676,0.000387837,1526.760039,0.000325952,1123.576719,0.000152859,-4.122746682,-39.50451913,-24.54276179,-1.413445235,346.3705647,199.4127908,2.261527953,21.91314703
0.002,0.998,4.61E+03,19.21548187,0.074054892,676.8693597,0.067895036,537.3880471,0.044082091,-1.822756498,0.010261904,302.7281871,0.009825212,247.2910034,0.007862301,-1.896628672,0.000413759,1695.641049,0.000347738,1265.510174,0.000153207,-1.857236508,-45.85953316,-29.46384083,-0.957909076,409.5892656,244.4728842,1.606000837,21.91358242
0.001,0.999,4611.300056,18.91445188,0.078450065,776.3918911,0.07192462,628.6323348,0.044154016,-0.194124163,0.010569104,341.7266492,0.010119339,284.6298984,0.00787242,-0.611998774,0.000462149,2010.897799,0.000388406,1530.462874,0.000153595,0.673226365,-58.11517471,-39.115754,-0.51202483,535.7532055,336.0614374,1.042062274,21.91401736